
--ARMAZEM
insert into ARMAZEM (ID_ARMAZEM, LOCALIZACAO, LONGITUDE_A, LATITUDE_A) values (1, 'TAMPA', -37.2746574, -7.4686612);
insert into ARMAZEM (ID_ARMAZEM, LOCALIZACAO, LONGITUDE_A, LATITUDE_A) values (2, 'COIMBRA', 119.7889248, 29.1416432);
insert into ARMAZEM (ID_ARMAZEM, LOCALIZACAO, LONGITUDE_A, LATITUDE_A) values (3, 'SAINT PETER', 100.7724281, 48.7277622);
insert into ARMAZEM (ID_ARMAZEM, LOCALIZACAO, LONGITUDE_A, LATITUDE_A) values (4, 'CHAS', 117.117138, 28.628189);
insert into ARMAZEM (ID_ARMAZEM, LOCALIZACAO, LONGITUDE_A, LATITUDE_A) values (5, 'PITTSFIELD', 39.2331589, 55.6967262);
insert into ARMAZEM (ID_ARMAZEM, LOCALIZACAO, LONGITUDE_A, LATITUDE_A) values (6, 'RYE', 98.385029, 7.8851351);
insert into ARMAZEM (ID_ARMAZEM, LOCALIZACAO, LONGITUDE_A, LATITUDE_A) values (7, 'BELMOND', 121.0737938, 12.352935);
insert into ARMAZEM (ID_ARMAZEM, LOCALIZACAO, LONGITUDE_A, LATITUDE_A) values (8, 'Taveiro', -50.3069088, -16.6481974);
insert into ARMAZEM (ID_ARMAZEM, LOCALIZACAO, LONGITUDE_A, LATITUDE_A) values (9, 'HERMITAGE', 9.508953, 10.0030306);
insert into ARMAZEM (ID_ARMAZEM, LOCALIZACAO, LONGITUDE_A, LATITUDE_A) values (10, 'Antwerpen', 121.9160381, 48.753596);

--MAQUINAS
insert into MAQUINAS (ID_MAQUINA, LOCALIZACAO_MAQUINA, ESTADO_MAQUINA, LONGITUDE, LATUTUDE) values (1, 'Coimbra', 'inativo', 2.2593884, -6.633688);
insert into MAQUINAS (ID_MAQUINA, LOCALIZACAO_MAQUINA, ESTADO_MAQUINA, LONGITUDE, LATUTUDE) values (2, 'LUXEMBOURG', 'inativo', -9.0148912, -27.1886944);
insert into MAQUINAS (ID_MAQUINA, LOCALIZACAO_MAQUINA, ESTADO_MAQUINA, LONGITUDE, LATUTUDE) values (3, 'Lienz', 'ativo', 105.335897, 50.0932868);
insert into MAQUINAS (ID_MAQUINA, LOCALIZACAO_MAQUINA, ESTADO_MAQUINA, LONGITUDE, LATUTUDE) values (4, 'RICHMOND', 'inativo', 119.547248, 34.995728);
insert into MAQUINAS (ID_MAQUINA, LOCALIZACAO_MAQUINA, ESTADO_MAQUINA, LONGITUDE, LATUTUDE) values (5, 'COZAD', 'ativo', 21.7264116, 12.1929841);
insert into MAQUINAS (ID_MAQUINA, LOCALIZACAO_MAQUINA, ESTADO_MAQUINA, LONGITUDE, LATUTUDE) values (6, 'Coimbra', 'inativo', -45.0013747, -35.5364676);
insert into MAQUINAS (ID_MAQUINA, LOCALIZACAO_MAQUINA, ESTADO_MAQUINA, LONGITUDE, LATUTUDE) values (7, 'PARIS 13', 'ativo', 35.8586671, 55.7908866);
insert into MAQUINAS (ID_MAQUINA, LOCALIZACAO_MAQUINA, ESTADO_MAQUINA, LONGITUDE, LATUTUDE) values (8, 'Frankfurt am Main', 'inativo', -8.410695, 55.4109698);
insert into MAQUINAS (ID_MAQUINA, LOCALIZACAO_MAQUINA, ESTADO_MAQUINA, LONGITUDE, LATUTUDE) values (9, 'MEMPHIS', 'ativo', 109.3575011, -11.7401439);
insert into MAQUINAS (ID_MAQUINA, LOCALIZACAO_MAQUINA, ESTADO_MAQUINA, LONGITUDE, LATUTUDE) values (2025031105, 'TUCSON', 'inativo', -78.3600448, -9.9246703);

--PRODUTOS
insert into PRODUTOS (ID_PRODUTO, NOME_PRODUTO, REFERENCIA, PRECO_PRODUTO, TIPO_PRODUTO) values (1, 'KitKat', 'CH', 1.00, 'Snacks');
insert into PRODUTOS (ID_PRODUTO, NOME_PRODUTO, REFERENCIA, PRECO_PRODUTO, TIPO_PRODUTO) values (2, 'Batatas', 'BT', 1.00, 'Salgados');
insert into PRODUTOS (ID_PRODUTO, NOME_PRODUTO, REFERENCIA, PRECO_PRODUTO, TIPO_PRODUTO) values (3, 'Agua', 'AG', 0.80, 'Agua');
insert into PRODUTOS (ID_PRODUTO, NOME_PRODUTO, REFERENCIA, PRECO_PRODUTO, TIPO_PRODUTO) values (4, 'Barritas', 'BR', 0.20, 'Snacks');
insert into PRODUTOS (ID_PRODUTO, NOME_PRODUTO, REFERENCIA, PRECO_PRODUTO, TIPO_PRODUTO) values (5, 'Compal', 'CPL', 1.00, 'Bebidas');
insert into PRODUTOS (ID_PRODUTO, NOME_PRODUTO, REFERENCIA, PRECO_PRODUTO, TIPO_PRODUTO) values (6, 'Croassaint', 'CR', 0.50, 'Comida');
insert into PRODUTOS (ID_PRODUTO, NOME_PRODUTO, REFERENCIA, PRECO_PRODUTO, TIPO_PRODUTO) values (7, 'Croassaint Misto', 'CRM', 0.50, 'Comida');
insert into PRODUTOS (ID_PRODUTO, NOME_PRODUTO, REFERENCIA, PRECO_PRODUTO, TIPO_PRODUTO) values (8, 'Pipocas', 'PP', 1.00, 'Snacks');
insert into PRODUTOS (ID_PRODUTO, NOME_PRODUTO, REFERENCIA, PRECO_PRODUTO, TIPO_PRODUTO) values (9, 'Gomas', 'GM', 0.70, 'Snacks');
insert into PRODUTOS (ID_PRODUTO, NOME_PRODUTO, REFERENCIA, PRECO_PRODUTO, TIPO_PRODUTO) values (10, 'Bolachas', 'BLCH', 0.40, 'Snacks');

--COMPARTIMENTOS
insert into COMPARTIMENTOS (ID_COMPARTIMENTO, ID_PRODUTO, ID_MAQUINA, CODIGO, CAPACIDADE_MAXIMA, PRECO_COMPARTIMENTO, QUANTIDADE_COMPARTIMENTO) values (1, 1, 2025031105, 'C1', 25, 1.00, 4);
insert into COMPARTIMENTOS (ID_COMPARTIMENTO, ID_PRODUTO, ID_MAQUINA, CODIGO, CAPACIDADE_MAXIMA, PRECO_COMPARTIMENTO, QUANTIDADE_COMPARTIMENTO) values (2, 2, 3, 'C5', 25, 1.00, 3);
insert into COMPARTIMENTOS (ID_COMPARTIMENTO, ID_PRODUTO, ID_MAQUINA, CODIGO, CAPACIDADE_MAXIMA, PRECO_COMPARTIMENTO, QUANTIDADE_COMPARTIMENTO) values (3, 1, 5, 'C7', 25, 1.00, 0);
insert into COMPARTIMENTOS (ID_COMPARTIMENTO, ID_PRODUTO, ID_MAQUINA, CODIGO, CAPACIDADE_MAXIMA, PRECO_COMPARTIMENTO, QUANTIDADE_COMPARTIMENTO) values (4, 3, 8, 'C1', 25, 0.80, 5);
insert into COMPARTIMENTOS (ID_COMPARTIMENTO, ID_PRODUTO, ID_MAQUINA, CODIGO, CAPACIDADE_MAXIMA, PRECO_COMPARTIMENTO, QUANTIDADE_COMPARTIMENTO) values (5, 10, 3, 'C1', 30, 0.40, 4);
insert into COMPARTIMENTOS (ID_COMPARTIMENTO, ID_PRODUTO, ID_MAQUINA, CODIGO, CAPACIDADE_MAXIMA, PRECO_COMPARTIMENTO, QUANTIDADE_COMPARTIMENTO) values (6, 5, 2025031105, 'C4', 30, 1.00, 11);
insert into COMPARTIMENTOS (ID_COMPARTIMENTO, ID_PRODUTO, ID_MAQUINA, CODIGO, CAPACIDADE_MAXIMA, PRECO_COMPARTIMENTO, QUANTIDADE_COMPARTIMENTO) values (7, 6, 9, 'C3', 25, 0.50, 12);
insert into COMPARTIMENTOS (ID_COMPARTIMENTO, ID_PRODUTO, ID_MAQUINA, CODIGO, CAPACIDADE_MAXIMA, PRECO_COMPARTIMENTO, QUANTIDADE_COMPARTIMENTO) values (8, 8, 10, 'C1', 30, 5);
insert into COMPARTIMENTOS (ID_COMPARTIMENTO, ID_PRODUTO, ID_MAQUINA, CODIGO, CAPACIDADE_MAXIMA, PRECO_COMPARTIMENTO, QUANTIDADE_COMPARTIMENTO) values (9, 3, 2025031105, 'C2', 25, 0);
insert into COMPARTIMENTOS (ID_COMPARTIMENTO, ID_PRODUTO, ID_MAQUINA, CODIGO, CAPACIDADE_MAXIMA, PRECO_COMPARTIMENTO, QUANTIDADE_COMPARTIMENTO) values (10, 9, 1, 'C3', 25, 3);

--ROTAS
insert into ROTAS (ID_ROTA, ID_ARMAZEM, NOME_ROTA, ROTAKM) values (1, 1, 'Rota Este', 20);
insert into ROTAS (ID_ROTA, ID_ARMAZEM, NOME_ROTA, ROTAKM) values (2, 3, 'Rota Sul', 45);
insert into ROTAS (ID_ROTA, ID_ARMAZEM, NOME_ROTA, ROTAKM) values (3, 4, 'Rota Cima', 25);
insert into ROTAS (ID_ROTA, ID_ARMAZEM, NOME_ROTA, ROTAKM) values (4, 9, 'Rota Baixo', 20);
insert into ROTAS (ID_ROTA, ID_ARMAZEM, NOME_ROTA, ROTAKM) values (5, 10, 'Rota Direita', 30);
insert into ROTAS (ID_ROTA, ID_ARMAZEM, NOME_ROTA, ROTAKM) values (6, 1, 'Rota Esquerda', 15);
insert into ROTAS (ID_ROTA, ID_ARMAZEM, NOME_ROTA, ROTAKM) values (7, 6, 'Rota Oeste', 10);
insert into ROTAS (ID_ROTA, ID_ARMAZEM, NOME_ROTA, ROTAKM) values (8, 2, 'Rota Norte', 25);
insert into ROTAS (ID_ROTA, ID_ARMAZEM, NOME_ROTA, ROTAKM) values (9, 2, 'Rota Oriente', 50);
insert into ROTAS (ID_ROTA, ID_ARMAZEM, NOME_ROTA, ROTAKM) values (10, 10, 'Rota 2', 55);

--RUPTURAS
insert into RUPTURAS (ID_RUPTURA, ID_COMPARTIMENTO, ID_PRODUTO, DATA_HORA_RUPTURA) values (1, 3, 5, TO_DATE('06-06-2024 10:15', 'DD-MM-YYYY HH24:MI'));
insert into RUPTURAS (ID_RUPTURA, ID_COMPARTIMENTO, ID_PRODUTO, DATA_HORA_RUPTURA) values (2, 5, 2, TO_DATE('01-06-2024 11:15', 'DD-MM-YYYY HH24:MI'));
insert into RUPTURAS (ID_RUPTURA, ID_COMPARTIMENTO, ID_PRODUTO, DATA_HORA_RUPTURA) values (3, 4, 4, TO_DATE('26-01-2024 9:15', 'DD-MM-YYYY HH24:MI'));
insert into RUPTURAS (ID_RUPTURA, ID_COMPARTIMENTO, ID_PRODUTO, DATA_HORA_RUPTURA) values (4, 1, 6, TO_DATE('08-07-2025 12:45', 'DD-MM-YYYY HH24:MI'));
insert into RUPTURAS (ID_RUPTURA, ID_COMPARTIMENTO, ID_PRODUTO, DATA_HORA_RUPTURA) values (5, 1, 9, TO_DATE('17-09-2025 13:45', 'DD-MM-YYYY HH24:MI'));
insert into RUPTURAS (ID_RUPTURA, ID_COMPARTIMENTO, ID_PRODUTO, DATA_HORA_RUPTURA) values (6, 10, 10, TO_DATE('18-02-2025 8:30', 'DD-MM-YYYY HH24:MI'));
insert into RUPTURAS (ID_RUPTURA, ID_COMPARTIMENTO, ID_PRODUTO, DATA_HORA_RUPTURA) values (7, 2, 4, TO_DATE('01-01-2025 13:00', 'DD-MM-YYYY HH24:MI'));
insert into RUPTURAS (ID_RUPTURA, ID_COMPARTIMENTO, ID_PRODUTO, DATA_HORA_RUPTURA) values (8, 4, 3, TO_DATE('17-05-2025 15:00', 'DD-MM-YYYY HH24:MI'));
insert into RUPTURAS (ID_RUPTURA, ID_COMPARTIMENTO, ID_PRODUTO, DATA_HORA_RUPTURA) values (9, 3, 1, TO_DATE('16-09-2025 10:15', 'DD-MM-YYYY HH24:MI'));
insert into RUPTURAS (ID_RUPTURA, ID_COMPARTIMENTO, ID_PRODUTO, DATA_HORA_RUPTURA) values (10, 2, 8, TO_DATE('31-03-2025 9:30', 'DD-MM-YYYY HH24:MI'));

--STOCK
insert into STOCK (ID_PRODUTO, ID_ARMAZEM, QUANTIDADE_EM_STOCK) values (1, 1, 0);
insert into STOCK (ID_PRODUTO, ID_ARMAZEM, QUANTIDADE_EM_STOCK) values (2, 5, 4);
insert into STOCK (ID_PRODUTO, ID_ARMAZEM, QUANTIDADE_EM_STOCK) values (3, 4, 0);
insert into STOCK (ID_PRODUTO, ID_ARMAZEM, QUANTIDADE_EM_STOCK) values (4, 4, 11);
insert into STOCK (ID_PRODUTO, ID_ARMAZEM, QUANTIDADE_EM_STOCK) values (5, 8, 16);
insert into STOCK (ID_PRODUTO, ID_ARMAZEM, QUANTIDADE_EM_STOCK) values (6, 7, 3);
insert into STOCK (ID_PRODUTO, ID_ARMAZEM, QUANTIDADE_EM_STOCK) values (7, 8, 14);
insert into STOCK (ID_PRODUTO, ID_ARMAZEM, QUANTIDADE_EM_STOCK) values (8, 10, 0);
insert into STOCK (ID_PRODUTO, ID_ARMAZEM, QUANTIDADE_EM_STOCK) values (9, 1, 26);
insert into STOCK (ID_PRODUTO, ID_ARMAZEM, QUANTIDADE_EM_STOCK) values (10, 10, 17);

--VEICULOS
insert into VEICULOS (ID_VEICULO, ID_ARMAZEM, MATRICULA, MARCA, AUTONOMIA_KM, MODELO, CAPACIDADE_CARGA_VEICULO) values (1, 1, 'AA', 'GMC', 127, 'Suburban 1500', 88);
insert into VEICULOS (ID_VEICULO, ID_ARMAZEM, MATRICULA, MARCA, AUTONOMIA_KM, MODELO, CAPACIDADE_CARGA_VEICULO) values (2, 2, 'CD', 'GMC', 68, 'Yukon XL 2500', 99);
insert into VEICULOS (ID_VEICULO, ID_ARMAZEM, MATRICULA, MARCA, AUTONOMIA_KM, MODELO, CAPACIDADE_CARGA_VEICULO) values (3, 2, 'GX', 'Ford', 24, 'Econoline E350', 24);
insert into VEICULOS (ID_VEICULO, ID_ARMAZEM, MATRICULA, MARCA, AUTONOMIA_KM, MODELO, CAPACIDADE_CARGA_VEICULO) values (4, 5, 'FG', 'Ford', 110, 'Laser', 90);
insert into VEICULOS (ID_VEICULO, ID_ARMAZEM, MATRICULA, MARCA, AUTONOMIA_KM, MODELO, CAPACIDADE_CARGA_VEICULO) values (5, 8, 'EO', 'Mercedes-Benz', 73, 'C-Class', 28);
insert into VEICULOS (ID_VEICULO, ID_ARMAZEM, MATRICULA, MARCA, AUTONOMIA_KM, MODELO, CAPACIDADE_CARGA_VEICULO) values (6, 4, 'FW', 'Hyundai', 175, 'Santa Fe', 75);
insert into VEICULOS (ID_VEICULO, ID_ARMAZEM, MATRICULA, MARCA, AUTONOMIA_KM, MODELO, CAPACIDADE_CARGA_VEICULO) values (7, 10, 'FR', 'Mercedes-Benz', 17, 'SLK-Class', 32);
insert into VEICULOS (ID_VEICULO, ID_ARMAZEM, MATRICULA, MARCA, AUTONOMIA_KM, MODELO, CAPACIDADE_CARGA_VEICULO) values (8, 1, 'GJ', 'Ford', 80, 'Thunderbird', 32);
insert into VEICULOS (ID_VEICULO, ID_ARMAZEM, MATRICULA, MARCA, AUTONOMIA_KM, MODELO, CAPACIDADE_CARGA_VEICULO) values (9, 3, 'TX', 'Chevrolet', 85, 'Sportvan G30', 59);
insert into VEICULOS (ID_VEICULO, ID_ARMAZEM, MATRICULA, MARCA, AUTONOMIA_KM, MODELO, CAPACIDADE_CARGA_VEICULO) values (10, 4, 'ZZ', 'GMC', 101, 'Yukon XL 1500', 38);


--VENDAS
insert into VENDAS (ID_VENDA, ID_COMPARTIMENTO, ID_PRODUTO, DATA_HORA_VENDA, METODO_PAGAMENTO, VALOR_PAGO) values (1, 2, 9, TO_DATE('22-11-2024 10:15', 'DD-MM-YYYY HH24:MI'), 'mastercard', 1.00);
insert into VENDAS (ID_VENDA, ID_COMPARTIMENTO, ID_PRODUTO, DATA_HORA_VENDA, METODO_PAGAMENTO, VALOR_PAGO) values (2, 2, 5, TO_DATE('11-02-2025 9:15', 'DD-MM-YYYY HH24:MI'), 'mastercard', 1.25);
insert into VENDAS (ID_VENDA, ID_COMPARTIMENTO, ID_PRODUTO, DATA_HORA_VENDA, METODO_PAGAMENTO, VALOR_PAGO) values (3, 4, 3, TO_DATE('14-06-2024 11:15', 'DD-MM-YYYY HH24:MI'), 'visa', 0.5);
insert into VENDAS (ID_VENDA, ID_COMPARTIMENTO, ID_PRODUTO, DATA_HORA_VENDA, METODO_PAGAMENTO, VALOR_PAGO) values (4, 5, 3, TO_DATE('30-03-2025 8:15', 'DD-MM-YYYY HH24:MI'), 'visa', 0.7);
insert into VENDAS (ID_VENDA, ID_COMPARTIMENTO, ID_PRODUTO, DATA_HORA_VENDA, METODO_PAGAMENTO, VALOR_PAGO) values (5, 8, 2, TO_DATE('06-06-2024 10:15', 'DD-MM-YYYY HH24:MI'), 'mastercard', 1.20);
insert into VENDAS (ID_VENDA, ID_COMPARTIMENTO, ID_PRODUTO, DATA_HORA_VENDA, METODO_PAGAMENTO, VALOR_PAGO) values (6, 10, 10, TO_DATE('05-01-2025 17:30', 'DD-MM-YYYY HH24:MI'), 'visa', 0.30);
insert into VENDAS (ID_VENDA, ID_COMPARTIMENTO, ID_PRODUTO, DATA_HORA_VENDA, METODO_PAGAMENTO, VALOR_PAGO) values (7, 1, 8, TO_DATE('12-12-2024 8:00', 'DD-MM-YYYY HH24:MI'), 'visa', 0.2);
insert into VENDAS (ID_VENDA, ID_COMPARTIMENTO, ID_PRODUTO, DATA_HORA_VENDA, METODO_PAGAMENTO, VALOR_PAGO) values (8, 1, 7, TO_DATE('04-03-2025 10:15', 'DD-MM-YYYY HH24:MI'), 'visa', 0.40);
insert into VENDAS (ID_VENDA, ID_COMPARTIMENTO, ID_PRODUTO, DATA_HORA_VENDA, METODO_PAGAMENTO, VALOR_PAGO) values (9, 3, 6, TO_DATE('03-04-2025 8:15', 'DD-MM-YYYY HH24:MI'), 'mastercard', 1.00);
insert into VENDAS (ID_VENDA, ID_COMPARTIMENTO, ID_PRODUTO, DATA_HORA_VENDA, METODO_PAGAMENTO, VALOR_PAGO) values (10, 6, 1, TO_DATE('06-06-2024 17:15', 'DD-MM-YYYY HH24:MI'), 'mastercard', 1.00);

--FUNCIONARIOS
insert into FUNCIONARIOS (ID_FUNCIONARIO, ID_ARMAZEM, NIF, NOME_FUNCIONARIO) values (1, 1, '104900323', 'Tomas');
insert into FUNCIONARIOS (ID_FUNCIONARIO, ID_ARMAZEM, NIF, NOME_FUNCIONARIO) values (2, 2, '091904270', 'Alice');
insert into FUNCIONARIOS (ID_FUNCIONARIO, ID_ARMAZEM, NIF, NOME_FUNCIONARIO) values (3, 3, '065405255', 'Mateus');
insert into FUNCIONARIOS (ID_FUNCIONARIO, ID_ARMAZEM, NIF, NOME_FUNCIONARIO) values (4, 4, '071112804', 'Marco');
insert into FUNCIONARIOS (ID_FUNCIONARIO, ID_ARMAZEM, NIF, NOME_FUNCIONARIO) values (5, 5, '122240308', 'Claudia');
insert into FUNCIONARIOS (ID_FUNCIONARIO, ID_ARMAZEM, NIF, NOME_FUNCIONARIO) values (6, 6, '053112738', 'Bernardo');
insert into FUNCIONARIOS (ID_FUNCIONARIO, ID_ARMAZEM, NIF, NOME_FUNCIONARIO) values (7, 7, '104111769', 'Maria');
insert into FUNCIONARIOS (ID_FUNCIONARIO, ID_ARMAZEM, NIF, NOME_FUNCIONARIO) values (8, 8, '121142850', 'Gabriel');
insert into FUNCIONARIOS (ID_FUNCIONARIO, ID_ARMAZEM, NIF, NOME_FUNCIONARIO) values (9, 9, '021213397', 'Gerson');
insert into FUNCIONARIOS (ID_FUNCIONARIO, ID_ARMAZEM, NIF, NOME_FUNCIONARIO) values (10, 10, '071925062', 'Lara');

--VIAGENS
insert into VIAGENS (ID_VIAGEM, ID_ROTA, ID_VEICULO, ID_FUNCIONARIO, DATA_INICIO_VIAGEM, DISTANCIA_PERCORRIDA, DATA_FIM_VIAGEM) values (1, 1, 10, 8, TO_DATE('27-11-2024 10:15', 'DD-MM-YYYY HH24:MI'), 45, TO_DATE('27-11-2024 12:45', 'DD-MM-YYYY HH24:MI'));
insert into VIAGENS (ID_VIAGEM, ID_ROTA, ID_VEICULO, ID_FUNCIONARIO, DATA_INICIO_VIAGEM, DISTANCIA_PERCORRIDA, DATA_FIM_VIAGEM) values (2, 3, 5, 5, TO_DATE('15-07-2024 11:15', 'DD-MM-YYYY HH24:MI'), 62, TO_DATE('15-07-2024 13:15', 'DD-MM-YYYY HH24:MI'));
insert into VIAGENS (ID_VIAGEM, ID_ROTA, ID_VEICULO, ID_FUNCIONARIO, DATA_INICIO_VIAGEM, DISTANCIA_PERCORRIDA, DATA_FIM_VIAGEM) values (3, 5, 8, 3, TO_DATE('23-08-2024 8:15', 'DD-MM-YYYY HH24:MI'), 3, TO_DATE('23-08-2024 11:00', 'DD-MM-YYYY HH24:MI'));
insert into VIAGENS (ID_VIAGEM, ID_ROTA, ID_VEICULO, ID_FUNCIONARIO, DATA_INICIO_VIAGEM, DISTANCIA_PERCORRIDA, DATA_FIM_VIAGEM) values (4, 8, 4, 2, TO_DATE('15-02-2025 9:15', 'DD-MM-YYYY HH24:MI'), 94, TO_DATE('15-02-2025 11:30', 'DD-MM-YYYY HH24:MI'));
insert into VIAGENS (ID_VIAGEM, ID_ROTA, ID_VEICULO, ID_FUNCIONARIO, DATA_INICIO_VIAGEM, DISTANCIA_PERCORRIDA, DATA_FIM_VIAGEM) values (5, 10, 3, 4, TO_DATE('01-01-2025 8:30', 'DD-MM-YYYY HH24:MI'), 17, TO_DATE('01-01-2025 10:15', 'DD-MM-YYYY HH24:MI'));
insert into VIAGENS (ID_VIAGEM, ID_ROTA, ID_VEICULO, ID_FUNCIONARIO, DATA_INICIO_VIAGEM, DISTANCIA_PERCORRIDA, DATA_FIM_VIAGEM) values (6, 6, 1, 3, TO_DATE('03-03-2025 11:30', 'DD-MM-YYYY HH24:MI'), 74, ('03-03-2025 14:30', 'DD-MM-YYYY HH24:MI'));
insert into VIAGENS (ID_VIAGEM, ID_ROTA, ID_VEICULO, ID_FUNCIONARIO, DATA_INICIO_VIAGEM, DISTANCIA_PERCORRIDA, DATA_FIM_VIAGEM) values (7, 8, 9, 5, TO_DATE('03-04-2025 8:15', 'DD-MM-YYYY HH24:MI'), 95, TO_DATE('03-04-2025 11:15', 'DD-MM-YYYY HH24:MI'));
insert into VIAGENS (ID_VIAGEM, ID_ROTA, ID_VEICULO, ID_FUNCIONARIO, DATA_INICIO_VIAGEM, DISTANCIA_PERCORRIDA, DATA_FIM_VIAGEM) values (8, 1, 2, 4, TO_DATE('01-03-2025 7:15', 'DD-MM-YYYY HH24:MI'), 40, TO_DATE('01-03-2025 10:15', 'DD-MM-YYYY HH24:MI'));
insert into VIAGENS (ID_VIAGEM, ID_ROTA, ID_VEICULO, ID_FUNCIONARIO, DATA_INICIO_VIAGEM, DISTANCIA_PERCORRIDA, DATA_FIM_VIAGEM) values (9, 2, 1, 2, TO_DATE('31-01-2025 17:00', 'DD-MM-YYYY HH24:MI'), 65, TO_DATE('31-01-2025 20:00', 'DD-MM-YYYY HH24:MI'));
insert into VIAGENS (ID_VIAGEM, ID_ROTA, ID_VEICULO, ID_FUNCIONARIO, DATA_INICIO_VIAGEM, DISTANCIA_PERCORRIDA, DATA_FIM_VIAGEM) values (10, 4, 1, 1, TO_DATE('22-11-2024 9:00', 'DD-MM-YYYY HH24:MI'), 58, TO_DATE('22-11-2024 11:40', 'DD-MM-YYYY HH24:MI'));

--VISITAS
insert into VISITAS (ID_VISITA, ID_VIAGEM, ID_MAQUINA, DATA_HORA_CHEGADA, DATA_HORA_SAIDA) values (1, 1, 1, TO_DATE('27-11-2024 10:30', 'DD-MM-YYYY HH24:MI'), TO_DATE('27-11-2024 11:15', 'DD-MM-YYYY HH24:MI'));
insert into VISITAS (ID_VISITA, ID_VIAGEM, ID_MAQUINA, DATA_HORA_CHEGADA, DATA_HORA_SAIDA) values (2, 3, 9, TO_DATE('15-07-2024 11:45', 'DD-MM-YYYY HH24:MI'), TO_DATE('15-07-2024 12:20', 'DD-MM-YYYY HH24:MI'));
insert into VISITAS (ID_VISITA, ID_VIAGEM, ID_MAQUINA, DATA_HORA_CHEGADA, DATA_HORA_SAIDA) values (3, 1, 3, TO_DATE('23-08-2024 9:00', 'DD-MM-YYYY HH24:MI'), TO_DATE('23-08-2024 9:10', 'DD-MM-YYYY HH24:MI'));
insert into VISITAS (ID_VISITA, ID_VIAGEM, ID_MAQUINA, DATA_HORA_CHEGADA, DATA_HORA_SAIDA) values (4, 5, 2025031105, TO_DATE('15-02-2025 9:20', 'DD-MM-YYYY HH24:MI'), TO_DATE('15-02-2025 9:25', 'DD-MM-YYYY HH24:MI'));
insert into VISITAS (ID_VISITA, ID_VIAGEM, ID_MAQUINA, DATA_HORA_CHEGADA, DATA_HORA_SAIDA) values (5, 10, 4, TO_DATE('01-01-2025 8:45', 'DD-MM-YYYY HH24:MI'), TO_DATE('01-01-2025 9:30', 'DD-MM-YYYY HH24:MI'));
insert into VISITAS (ID_VISITA, ID_VIAGEM, ID_MAQUINA, DATA_HORA_CHEGADA, DATA_HORA_SAIDA) values (6, 8, 2025031105, TO_DATE('03-03-2025 11:35', 'DD-MM-YYYY HH24:MI'), TO_DATE('03-03-2025 12:30', 'DD-MM-YYYY HH24:MI'));
insert into VISITAS (ID_VISITA, ID_VIAGEM, ID_MAQUINA, DATA_HORA_CHEGADA, DATA_HORA_SAIDA) values (7, 6, 8, TO_DATE('01-03-2025 7:15', 'DD-MM-YYYY HH24:MI'), TO_DATE('01-03-2025 7:45', 'DD-MM-YYYY HH24:MI'));
insert into VISITAS (ID_VISITA, ID_VIAGEM, ID_MAQUINA, DATA_HORA_CHEGADA, DATA_HORA_SAIDA) values (8, 1, 2025031105, TO_DATE('31-01-2025 17:45', 'DD-MM-YYYY HH24:MI'), TO_DATE('31-01-2025 18:10', 'DD-MM-YYYY HH24:MI'));
insert into VISITAS (ID_VISITA, ID_VIAGEM, ID_MAQUINA, DATA_HORA_CHEGADA, DATA_HORA_SAIDA) values (9, 2, 2, TO_DATE('22-11-2024 9:20', 'DD-MM-YYYY HH24:MI'), TO_DATE('22-11-2024 10:20', 'DD-MM-YYYY HH24:MI'));
insert into VISITAS (ID_VISITA, ID_VIAGEM, ID_MAQUINA, DATA_HORA_CHEGADA, DATA_HORA_SAIDA) values (10, 6, 1, TO_DATE('03-04-2025 7:30', 'DD-MM-YYYY HH24:MI'), TO_DATE('03-04-2025 7:45', 'DD-MM-YYYY HH24:MI'));

--MANUTENCAO
insert into MANUTENCAO (ID_MANUTENCAO, ID_VISITA, DATA_HORA_MANUTENCAO, TIPO_MANUTENCAO) values (1, 2, TO_DATE('15-07-2024 11:45', 'DD-MM-YYYY HH24:MI'), 'Reposicao');
insert into MANUTENCAO (ID_MANUTENCAO, ID_VISITA, DATA_HORA_MANUTENCAO, TIPO_MANUTENCAO) values (2, 1, TO_DATE('27-11-2024 10:30', 'DD-MM-YYYY HH24:MI'), 'Reposicao');
insert into MANUTENCAO (ID_MANUTENCAO, ID_VISITA, DATA_HORA_MANUTENCAO, TIPO_MANUTENCAO) values (3, 5, TO_DATE('01-01-2025 8:45', 'DD-MM-YYYY HH24:MI'), 'Reparacao');
insert into MANUTENCAO (ID_MANUTENCAO, ID_VISITA, DATA_HORA_MANUTENCAO, TIPO_MANUTENCAO) values (4, 8, TO_DATE('31-01-2025 17:45', 'DD-MM-YYYY HH24:MI'), 'Reposicao');
insert into MANUTENCAO (ID_MANUTENCAO, ID_VISITA, DATA_HORA_MANUTENCAO, TIPO_MANUTENCAO) values (5, 4, TO_DATE('15-02-2025 9:20', 'DD-MM-YYYY HH24:MI'), 'Reparacao');
insert into MANUTENCAO (ID_MANUTENCAO, ID_VISITA, DATA_HORA_MANUTENCAO, TIPO_MANUTENCAO) values (6, 3, TO_DATE('23-08-2024 9:00', 'DD-MM-YYYY HH24:MI'), 'Reparacao');
insert into MANUTENCAO (ID_MANUTENCAO, ID_VISITA, DATA_HORA_MANUTENCAO, TIPO_MANUTENCAO) values (7, 6, TO_DATE('03-03-2025 11:35', 'DD-MM-YYYY HH24:MI'), 'Reposicao');
insert into MANUTENCAO (ID_MANUTENCAO, ID_VISITA, DATA_HORA_MANUTENCAO, TIPO_MANUTENCAO) values (8, 1, TO_DATE('27-11-2024 15:30', 'DD-MM-YYYY HH24:MI'), 'Reparacao');
insert into MANUTENCAO (ID_MANUTENCAO, ID_VISITA, DATA_HORA_MANUTENCAO, TIPO_MANUTENCAO) values (9, 4, TO_DATE('15-02-2025 11:20', 'DD-MM-YYYY HH24:MI'), 'Reposicao');
insert into MANUTENCAO (ID_MANUTENCAO, ID_VISITA, DATA_HORA_MANUTENCAO, TIPO_MANUTENCAO) values (10, 10, TO_DATE('03-04-2025 7:30', 'DD-MM-YYYY HH24:MI'), 'Reposicao');

--REABASTECIMENTOS
insert into REABASTECIMENTOS (ID_REABASTECIMENTO, ID_VISITA, ID_COMPARTIMENTO, ID_PRODUTO, DATA_HORA_REABASTECIMENTO, QUANTIDADE_REABASTECIMENTO) values (1, 2, 6, 9, TO_DATE('15-07-2024 10:45', 'DD-MM-YYYY HH24:MI'), 5);
insert into REABASTECIMENTOS (ID_REABASTECIMENTO, ID_VISITA, ID_COMPARTIMENTO, ID_PRODUTO, DATA_HORA_REABASTECIMENTO, QUANTIDADE_REABASTECIMENTO) values (2, 4, 6, 5, TO_DATE('16-08-2024 10:00', 'DD-MM-YYYY HH24:MI'), 3);
insert into REABASTECIMENTOS (ID_REABASTECIMENTO, ID_VISITA, ID_COMPARTIMENTO, ID_PRODUTO, DATA_HORA_REABASTECIMENTO, QUANTIDADE_REABASTECIMENTO) values (3, 4, 8, 1, TO_DATE('17-02-2025 11:00', 'DD-MM-YYYY HH24:MI'), 8);
insert into REABASTECIMENTOS (ID_REABASTECIMENTO, ID_VISITA, ID_COMPARTIMENTO, ID_PRODUTO, DATA_HORA_REABASTECIMENTO, QUANTIDADE_REABASTECIMENTO) values (4, 5, 4, 1, TO_DATE('17-02-2025 13:15', 'DD-MM-YYYY HH24:MI'), 4);
insert into REABASTECIMENTOS (ID_REABASTECIMENTO, ID_VISITA, ID_COMPARTIMENTO, ID_PRODUTO, DATA_HORA_REABASTECIMENTO, QUANTIDADE_REABASTECIMENTO) values (5, 8, 1, 5, TO_DATE('17-02-2025 15:15', 'DD-MM-YYYY HH24:MI'), 12);
insert into REABASTECIMENTOS (ID_REABASTECIMENTO, ID_VISITA, ID_COMPARTIMENTO, ID_PRODUTO, DATA_HORA_REABASTECIMENTO, QUANTIDADE_REABASTECIMENTO) values (6, 2, 7, 6, TO_DATE('17-02-2025 10:30', 'DD-MM-YYYY HH24:MI'), 3);
insert into REABASTECIMENTOS (ID_REABASTECIMENTO, ID_VISITA, ID_COMPARTIMENTO, ID_PRODUTO, DATA_HORA_REABASTECIMENTO, QUANTIDADE_REABASTECIMENTO) values (7, 1, 2, 7, TO_DATE('17-02-2025 8:45', 'DD-MM-YYYY HH24:MI'), 15);
insert into REABASTECIMENTOS (ID_REABASTECIMENTO, ID_VISITA, ID_COMPARTIMENTO, ID_PRODUTO, DATA_HORA_REABASTECIMENTO, QUANTIDADE_REABASTECIMENTO) values (8, 1, 3, 9, TO_DATE('17-02-2025 7:40', 'DD-MM-YYYY HH24:MI'), 16);
insert into REABASTECIMENTOS (ID_REABASTECIMENTO, ID_VISITA, ID_COMPARTIMENTO, ID_PRODUTO, DATA_HORA_REABASTECIMENTO, QUANTIDADE_REABASTECIMENTO) values (9, 6, 10, 4, TO_DATE('17-02-2025 10:15', 'DD-MM-YYYY HH24:MI'), 9);
insert into REABASTECIMENTOS (ID_REABASTECIMENTO, ID_VISITA, ID_COMPARTIMENTO, ID_PRODUTO, DATA_HORA_REABASTECIMENTO, QUANTIDADE_REABASTECIMENTO) values (10, 4, 5, 3, TO_DATE('17-02-2025 9:30', 'DD-MM-YYYY HH24:MI'), 10);

--DISTANCIA_ARMAZEM_MAQUINA
insert into DISTANCIA_ARMAZEM_MAQUINA (ID_MAQUINA, ID_ARMAZEM, DIST_MAQ_ARM_KM) values (5, 1, 15);
insert into DISTANCIA_ARMAZEM_MAQUINA (ID_MAQUINA, ID_ARMAZEM, DIST_MAQ_ARM_KM) values (4, 8, 5);
insert into DISTANCIA_ARMAZEM_MAQUINA (ID_MAQUINA, ID_ARMAZEM, DIST_MAQ_ARM_KM) values (6, 4, 14);
insert into DISTANCIA_ARMAZEM_MAQUINA (ID_MAQUINA, ID_ARMAZEM, DIST_MAQ_ARM_KM) values (1, 2, 3);
insert into DISTANCIA_ARMAZEM_MAQUINA (ID_MAQUINA, ID_ARMAZEM, DIST_MAQ_ARM_KM) values (1, 5, 2);
insert into DISTANCIA_ARMAZEM_MAQUINA (ID_MAQUINA, ID_ARMAZEM, DIST_MAQ_ARM_KM) values (8, 6, 22);
insert into DISTANCIA_ARMAZEM_MAQUINA (ID_MAQUINA, ID_ARMAZEM, DIST_MAQ_ARM_KM) values (7, 7, 30);
insert into DISTANCIA_ARMAZEM_MAQUINA (ID_MAQUINA, ID_ARMAZEM, DIST_MAQ_ARM_KM) values (2025031105, 8, 45);
insert into DISTANCIA_ARMAZEM_MAQUINA (ID_MAQUINA, ID_ARMAZEM, DIST_MAQ_ARM_KM) values (5, 9, 10);
insert into DISTANCIA_ARMAZEM_MAQUINA (ID_MAQUINA, ID_ARMAZEM, DIST_MAQ_ARM_KM) values (3, 10, 15);

--HISTORICO_ESTADOS
insert into HISTORICO_ESTADOS (ID_ESTADO, ID_MAQUINA, DATA_HORA_ESTADO, ESTADO) values (1, 1, TO_DATE('21-09-2024 17:20', 'DD-MM-YYYY HH24:MI'), 'Ativo');
insert into HISTORICO_ESTADOS (ID_ESTADO, ID_MAQUINA, DATA_HORA_ESTADO, ESTADO) values (2, 1, TO_DATE('12-01-2025 11:45', 'DD-MM-YYYY HH24:MI'), 'Ativo');
insert into HISTORICO_ESTADOS (ID_ESTADO, ID_MAQUINA, DATA_HORA_ESTADO, ESTADO) values (3, 3, TO_DATE('16-02-2025 12:45', 'DD-MM-YYYY HH24:MI'), 'Inativo');
insert into HISTORICO_ESTADOS (ID_ESTADO, ID_MAQUINA, DATA_HORA_ESTADO, ESTADO) values (4, 5, TO_DATE('25-03-2025 7:30', 'DD-MM-YYYY HH24:MI'), 'Inativo');
insert into HISTORICO_ESTADOS (ID_ESTADO, ID_MAQUINA, DATA_HORA_ESTADO, ESTADO) values (5, 7, TO_DATE('15-07-2024 11:45', 'DD-MM-YYYY HH24:MI'), 'Ativo');
insert into HISTORICO_ESTADOS (ID_ESTADO, ID_MAQUINA, DATA_HORA_ESTADO, ESTADO) values (6, 9, TO_DATE('30-01-2025 16:30', 'DD-MM-YYYY HH24:MI'), 'Inativo');
insert into HISTORICO_ESTADOS (ID_ESTADO, ID_MAQUINA, DATA_HORA_ESTADO, ESTADO) values (7, 2025031105, TO_DATE('25-02-2025 10:45', 'DD-MM-YYYY HH24:MI'), '');
insert into HISTORICO_ESTADOS (ID_ESTADO, ID_MAQUINA, DATA_HORA_ESTADO, ESTADO) values (8, 6, TO_DATE('20-01-2025 7:10', 'DD-MM-YYYY HH24:MI'), 'Ativo');
insert into HISTORICO_ESTADOS (ID_ESTADO, ID_MAQUINA, DATA_HORA_ESTADO, ESTADO) values (9, 7, TO_DATE('8-09-2024 9:20', 'DD-MM-YYYY HH24:MI'), 'Inativo');
insert into HISTORICO_ESTADOS (ID_ESTADO, ID_MAQUINA, DATA_HORA_ESTADO, ESTADO) values (10, 1, TO_DATE('16-03-2024 10:30', 'DD-MM-YYYY HH24:MI'), 'Ativo');

--PRODUTO_VIAGEM
insert into PRODUTO_VIAGEM (ID_PRODUTO, ID_VIAGEM, QUANTIDADE_PV) values (1, 5, 7);
insert into PRODUTO_VIAGEM (ID_PRODUTO, ID_VIAGEM, QUANTIDADE_PV) values (9, 1, 28);
insert into PRODUTO_VIAGEM (ID_PRODUTO, ID_VIAGEM, QUANTIDADE_PV) values (2, 8, 12);
insert into PRODUTO_VIAGEM (ID_PRODUTO, ID_VIAGEM, QUANTIDADE_PV) values (8, 2025031105, 21);
insert into PRODUTO_VIAGEM (ID_PRODUTO, ID_VIAGEM, QUANTIDADE_PV) values (4, 6, 2);
insert into PRODUTO_VIAGEM (ID_PRODUTO, ID_VIAGEM, QUANTIDADE_PV) values (3, 4, 24);
insert into PRODUTO_VIAGEM (ID_PRODUTO, ID_VIAGEM, QUANTIDADE_PV) values (1, 3, 29);
insert into PRODUTO_VIAGEM (ID_PRODUTO, ID_VIAGEM, QUANTIDADE_PV) values (7, 1, 18);
insert into PRODUTO_VIAGEM (ID_PRODUTO, ID_VIAGEM, QUANTIDADE_PV) values (9, 1, 3);
insert into PRODUTO_VIAGEM (ID_PRODUTO, ID_VIAGEM, QUANTIDADE_PV) values (1, 3, 17);

--DISTANCIA_MAQUINAS
insert into DISTANCIA_MAQUINAS (MAQ_ID_MAQUINA, ID_MAQUINA, DIST_MAQ1_MAQ2_KM) values (1, 5, 5);
insert into DISTANCIA_MAQUINAS (MAQ_ID_MAQUINA, ID_MAQUINA, DIST_MAQ1_MAQ2_KM) values (2, 8, 13);
insert into DISTANCIA_MAQUINAS (MAQ_ID_MAQUINA, ID_MAQUINA, DIST_MAQ1_MAQ2_KM) values (3, 4, 8);
insert into DISTANCIA_MAQUINAS (MAQ_ID_MAQUINA, ID_MAQUINA, DIST_MAQ1_MAQ2_KM) values (4, 3, 56);
insert into DISTANCIA_MAQUINAS (MAQ_ID_MAQUINA, ID_MAQUINA, DIST_MAQ1_MAQ2_KM) values (5, 4, 83);
insert into DISTANCIA_MAQUINAS (MAQ_ID_MAQUINA, ID_MAQUINA, DIST_MAQ1_MAQ2_KM) values (6, 2, 80);
insert into DISTANCIA_MAQUINAS (MAQ_ID_MAQUINA, ID_MAQUINA, DIST_MAQ1_MAQ2_KM) values (7, 1, 32);
insert into DISTANCIA_MAQUINAS (MAQ_ID_MAQUINA, ID_MAQUINA, DIST_MAQ1_MAQ2_KM) values (8, 3, 62);
insert into DISTANCIA_MAQUINAS (MAQ_ID_MAQUINA, ID_MAQUINA, DIST_MAQ1_MAQ2_KM) values (9, 7, 22);
insert into DISTANCIA_MAQUINAS (MAQ_ID_MAQUINA, ID_MAQUINA, DIST_MAQ1_MAQ2_KM) values (10, 2025031105, 70);

--EVENTOS
insert into EVENTOS (ID_EVENTO, ID_MAQUINA, DATA_EVENTO, TIPO_EVENTO, DESCRICAO) values (1, 5, TO_DATE('21-09-2024 17:16', 'DD-MM-YYYY HH24:MI'), 'Abastecimento', 'Reabastecimento de produto na máquina 5');
insert into EVENTOS (ID_EVENTO, ID_MAQUINA, DATA_EVENTO, TIPO_EVENTO, DESCRICAO) values (2, 2025031105, TO_DATE('06-03-2025 8:20', 'DD-MM-YYYY HH24:MI'), 'Falha', 'Falha na máquina 3 durante operação');
insert into EVENTOS (ID_EVENTO, ID_MAQUINA, DATA_EVENTO, TIPO_EVENTO, DESCRICAO) values (3, 4, TO_DATE('21-08-2024 16:00', 'DD-MM-YYYY HH24:MI'), 'Abastecimento', 'Reabastecimento de produto na máquina 4');
insert into EVENTOS (ID_EVENTO, ID_MAQUINA, DATA_EVENTO, TIPO_EVENTO, DESCRICAO) values (4, 1, TO_DATE('06-03-2025 17:10', 'DD-MM-YYYY HH24:MI'), 'Falha', 'Falha na máquina 1 durante operação');
insert into EVENTOS (ID_EVENTO, ID_MAQUINA, DATA_EVENTO, TIPO_EVENTO, DESCRICAO) values (5, 2025031105, TO_DATE('1-01-2025 14:15', 'DD-MM-YYYY HH24:MI'), 'Abastecimento', 'Reabastecimento de produto na máquina 1');
insert into EVENTOS (ID_EVENTO, ID_MAQUINA, DATA_EVENTO, TIPO_EVENTO, DESCRICAO) values (6, 8, TO_DATE('08-03-2025 16:30', 'DD-MM-YYYY HH24:MI'), 'Falha', 'Falha na máquina 8 durante operação');
insert into EVENTOS (ID_EVENTO, ID_MAQUINA, DATA_EVENTO, TIPO_EVENTO, DESCRICAO) values (7, 6, TO_DATE('21-01-2025 8:30', 'DD-MM-YYYY HH24:MI'), 'Abastecimento', 'Reabastecimento de produto na máquina 6');
insert into EVENTOS (ID_EVENTO, ID_MAQUINA, DATA_EVENTO, TIPO_EVENTO, DESCRICAO) values (8, 4, TO_DATE('16-06-2024 7:25', 'DD-MM-YYYY HH24:MI'), 'Abastecimento', 'Reabastecimento de produto na máquina 4');
insert into EVENTOS (ID_EVENTO, ID_MAQUINA, DATA_EVENTO, TIPO_EVENTO, DESCRICAO) values (9, 3, TO_DATE('21-02-2025 16:15', 'DD-MM-YYYY HH24:MI'), 'Falha', 'Falha na máquina 3 durante operação');
insert into EVENTOS (ID_EVENTO, ID_MAQUINA, DATA_EVENTO, TIPO_EVENTO, DESCRICAO) values (10, 5, TO_DATE('21-09-2024 13:30', 'DD-MM-YYYY HH24:MI'), 'Abastecimento', 'Reabastecimento de produto na máquina 5');

--ROTASDEFENIDAS
insert into ROTASDEFENIDAS (ID_MAQUINA, ID_ROTA, ORDEM) values (8, 1, 1);
insert into ROTASDEFENIDAS (ID_MAQUINA, ID_ROTA, ORDEM) values (3, 1, 2);
insert into ROTASDEFENIDAS (ID_MAQUINA, ID_ROTA, ORDEM) values (4, 1, 3);
insert into ROTASDEFENIDAS (ID_MAQUINA, ID_ROTA, ORDEM) values (6, 1, 4);
insert into ROTASDEFENIDAS (ID_MAQUINA, ID_ROTA, ORDEM) values (2, 1, 5);
insert into ROTASDEFENIDAS (ID_MAQUINA, ID_ROTA, ORDEM) values (1, 1, 6);
insert into ROTASDEFENIDAS (ID_MAQUINA, ID_ROTA, ORDEM) values (2025031105, 1, 7);
insert into ROTASDEFENIDAS (ID_MAQUINA, ID_ROTA, ORDEM) values (5, 1, 8);
insert into ROTASDEFENIDAS (ID_MAQUINA, ID_ROTA, ORDEM) values (9, 1, 9);
insert into ROTASDEFENIDAS (ID_MAQUINA, ID_ROTA, ORDEM) values (7, 1, 10);

--ENCOMENDAS
insert into ENCOMENDAS (ID_PRODUTO, ID_ARMAZEM, DATA_ENCOMENDA, QUANTIDADE_ENCOMENDAS) values (1, 1, TO_DATE('21-09-2024 17:16', 'DD-MM-YYYY HH24:MI'), 62);
insert into ENCOMENDAS (ID_PRODUTO, ID_ARMAZEM, DATA_ENCOMENDA, QUANTIDADE_ENCOMENDAS) values (3, 6, TO_DATE('06-03-2025 8:20', 'DD-MM-YYYY HH24:MI'), 56);
insert into ENCOMENDAS (ID_PRODUTO, ID_ARMAZEM, DATA_ENCOMENDA, QUANTIDADE_ENCOMENDAS) values (2, 3, TO_DATE('21-08-2024 16:00', 'DD-MM-YYYY HH24:MI'), 39);
insert into ENCOMENDAS (ID_PRODUTO, ID_ARMAZEM, DATA_ENCOMENDA, QUANTIDADE_ENCOMENDAS) values (8, 8, TO_DATE('06-03-2025 17:10', 'DD-MM-YYYY HH24:MI'), 177);
insert into ENCOMENDAS (ID_PRODUTO, ID_ARMAZEM, DATA_ENCOMENDA, QUANTIDADE_ENCOMENDAS) values (6, 10, TO_DATE('1-01-2025 14:15', 'DD-MM-YYYY HH24:MI'), 21);
insert into ENCOMENDAS (ID_PRODUTO, ID_ARMAZEM, DATA_ENCOMENDA, QUANTIDADE_ENCOMENDAS) values (4, 4, TO_DATE('08-03-2025 16:30', 'DD-MM-YYYY HH24:MI'), 51);
insert into ENCOMENDAS (ID_PRODUTO, ID_ARMAZEM, DATA_ENCOMENDA, QUANTIDADE_ENCOMENDAS) values (1, 3, TO_DATE('21-01-2025 8:30', 'DD-MM-YYYY HH24:MI'), 188);
insert into ENCOMENDAS (ID_PRODUTO, ID_ARMAZEM, DATA_ENCOMENDA, QUANTIDADE_ENCOMENDAS) values (7, 1, TO_DATE('16-06-2024 7:25', 'DD-MM-YYYY HH24:MI'), 41);
insert into ENCOMENDAS (ID_PRODUTO, ID_ARMAZEM, DATA_ENCOMENDA, QUANTIDADE_ENCOMENDAS) values (6, 8, TO_DATE('21-02-2025 16:15', 'DD-MM-YYYY HH24:MI'), 166);
insert into ENCOMENDAS (ID_PRODUTO, ID_ARMAZEM, DATA_ENCOMENDA, QUANTIDADE_ENCOMENDAS) values (10, 10, TO_DATE('21-09-2024 13:30', 'DD-MM-YYYY HH24:MI'), 19);
