-- Tabelas dependentes (começar pelas mais dependentes)
DELETE FROM REABASTECIMENTOS;
DELETE FROM MANUTENCAO;
DELETE FROM VISITAS;
DELETE FROM VIAGENS;
DELETE FROM PRODUTO_VIAGEM;
DELETE FROM ROTASDEFENIDAS;
DELETE FROM VENDAS;
DELETE FROM RUPTURAS;
DELETE FROM STOCK;
DELETE FROM ENCOMENDAS;
DELETE FROM DISTANCA_ARMAZEM_MAQUINA;
DELETE FROM DISTANCIA_MAQUINAS;
DELETE FROM COMPARTIMENTOS;
DELETE FROM HISTORICO_ESTADOS;
DELETE FROM EVENTOS;

-- Tabelas principais
DELETE FROM ROTAS;
DELETE FROM VEICULOS;
DELETE FROM FUNCIONARIOS;
DELETE FROM PRODUTOS;
DELETE FROM MAQUINAS;
DELETE FROM ARMAZEM;

COMMIT;
DBMS_OUTPUT.PUT_LINE('Todos os dados foram apagados com sucesso.');

INSERT INTO ARMAZEM (ID_ARMAZEM, LOCALIZACAO, LONGITUDE_A, LATITUDE_A) VALUES (1, 'Taveiro', -8.5, 40.2);
INSERT INTO ARMAZEM (ID_ARMAZEM, LOCALIZACAO, LONGITUDE_A, LATITUDE_A) VALUES (2, 'Coimbra Centro', -8.4, 40.21);
INSERT INTO ARMAZEM (ID_ARMAZEM, LOCALIZACAO, LONGITUDE_A, LATITUDE_A) VALUES (3, 'Lisboa', -9.14, 38.72);
INSERT INTO ARMAZEM (ID_ARMAZEM, LOCALIZACAO, LONGITUDE_A, LATITUDE_A) VALUES (4, 'Porto', -8.61, 41.15);
INSERT INTO ARMAZEM (ID_ARMAZEM, LOCALIZACAO, LONGITUDE_A, LATITUDE_A) VALUES (5, 'Faro', -7.93, 37.02);

INSERT INTO MAQUINAS (ID_MAQUINA, LOCALIZACAO_MAQUINA, ESTADO_MAQUINA, LONGITUDE, LATUTUDE) VALUES (1, 'Coimbra Estação', 'operacional', -8.41, 40.21);
INSERT INTO MAQUINAS (ID_MAQUINA, LOCALIZACAO_MAQUINA, ESTADO_MAQUINA, LONGITUDE, LATUTUDE) VALUES (2, 'Lisboa Centro', 'operacional', -9.14, 38.72); -- Existente ajustado
INSERT INTO MAQUINAS (ID_MAQUINA, LOCALIZACAO_MAQUINA, ESTADO_MAQUINA, LONGITUDE, LATUTUDE) VALUES (3, 'Coimbra Centro', 'operacional', -8.4, 40.21); -- Existente ajustado
INSERT INTO MAQUINAS (ID_MAQUINA, LOCALIZACAO_MAQUINA, ESTADO_MAQUINA, LONGITUDE, LATUTUDE) VALUES (4, 'Coimbra Universidade', 'operacional', -8.42, 40.20);
INSERT INTO MAQUINAS (ID_MAQUINA, LOCALIZACAO_MAQUINA, ESTADO_MAQUINA, LONGITUDE, LATUTUDE) VALUES (5, 'Coimbra Hospital', 'operacional', -8.43, 40.19);
INSERT INTO MAQUINAS (ID_MAQUINA, LOCALIZACAO_MAQUINA, ESTADO_MAQUINA, LONGITUDE, LATUTUDE) VALUES (6, 'Lisboa Aeroporto', 'operacional', -9.13, 38.77);
INSERT INTO MAQUINAS (ID_MAQUINA, LOCALIZACAO_MAQUINA, ESTADO_MAQUINA, LONGITUDE, LATUTUDE) VALUES (7, 'Porto Estação', 'inativo', -8.61, 41.14);
INSERT INTO MAQUINAS (ID_MAQUINA, LOCALIZACAO_MAQUINA, ESTADO_MAQUINA, LONGITUDE, LATUTUDE) VALUES (8, 'Faro Praia', 'operacional', -7.94, 37.01);
INSERT INTO MAQUINAS (ID_MAQUINA, LOCALIZACAO_MAQUINA, ESTADO_MAQUINA, LONGITUDE, LATUTUDE) VALUES (9, 'Coimbra Shopping', 'operacional', -8.44, 40.22);
INSERT INTO MAQUINAS (ID_MAQUINA, LOCALIZACAO_MAQUINA, ESTADO_MAQUINA, LONGITUDE, LATUTUDE) VALUES (10, 'Lisboa Estação', 'operacional', -9.15, 38.71);
INSERT INTO MAQUINAS (ID_MAQUINA, LOCALIZACAO_MAQUINA, ESTADO_MAQUINA, LONGITUDE, LATUTUDE) VALUES (11, 'Porto Universidade', 'operacional', -8.62, 41.16);
INSERT INTO MAQUINAS (ID_MAQUINA, LOCALIZACAO_MAQUINA, ESTADO_MAQUINA, LONGITUDE, LATUTUDE) VALUES (12, 'Faro Aeroporto', 'operacional', -7.95, 37.03);

INSERT INTO PRODUTOS (ID_PRODUTO, NOME_PRODUTO, REFERENCIA, PRECO_PRODUTO, TIPO_PRODUTO) VALUES (1, 'KitKat', 'KK001', 1.5, 'snacks');
INSERT INTO PRODUTOS (ID_PRODUTO, NOME_PRODUTO, REFERENCIA, PRECO_PRODUTO, TIPO_PRODUTO) VALUES (2, 'Agua 500ml', 'AG001', 0.8, 'agua');
INSERT INTO PRODUTOS (ID_PRODUTO, NOME_PRODUTO, REFERENCIA, PRECO_PRODUTO, TIPO_PRODUTO) VALUES (3, 'Coca-Cola', 'CC001', 1.2, 'bebida'); -- Existente ajustado
INSERT INTO PRODUTOS (ID_PRODUTO, NOME_PRODUTO, REFERENCIA, PRECO_PRODUTO, TIPO_PRODUTO) VALUES (4, 'Snickers', 'SN001', 1.7, 'snacks');
INSERT INTO PRODUTOS (ID_PRODUTO, NOME_PRODUTO, REFERENCIA, PRECO_PRODUTO, TIPO_PRODUTO) VALUES (5, 'Agua 1L', 'AG002', 1.0, 'agua');
INSERT INTO PRODUTOS (ID_PRODUTO, NOME_PRODUTO, REFERENCIA, PRECO_PRODUTO, TIPO_PRODUTO) VALUES (6, 'Mars', 'MR001', 1.6, 'snacks');
INSERT INTO PRODUTOS (ID_PRODUTO, NOME_PRODUTO, REFERENCIA, PRECO_PRODUTO, TIPO_PRODUTO) VALUES (7, 'Fanta 330ml', 'FT001', 1.1, 'bebida');
INSERT INTO PRODUTOS (ID_PRODUTO, NOME_PRODUTO, REFERENCIA, PRECO_PRODUTO, TIPO_PRODUTO) VALUES (8, 'Chips Lays', 'CL001', 2.0, 'snacks');
INSERT INTO PRODUTOS (ID_PRODUTO, NOME_PRODUTO, REFERENCIA, PRECO_PRODUTO, TIPO_PRODUTO) VALUES (9, 'Sprite 330ml', 'SP001', 1.2, 'bebida');
INSERT INTO PRODUTOS (ID_PRODUTO, NOME_PRODUTO, REFERENCIA, PRECO_PRODUTO, TIPO_PRODUTO) VALUES (10, 'Twix', 'TW001', 1.5, 'snacks');


INSERT INTO COMPARTIMENTOS (ID_COMPARTIMENTO, ID_PRODUTO, ID_MAQUINA, CODIGO, CAPACIDADE_MAXIMA, PRECO_COMPARTIMENTO, QUANTIDADE_COMPARTIMENTO) VALUES (1, 1, 1, 'C1', 50, 1.5, 10);
INSERT INTO COMPARTIMENTOS (ID_COMPARTIMENTO, ID_PRODUTO, ID_MAQUINA, CODIGO, CAPACIDADE_MAXIMA, PRECO_COMPARTIMENTO, QUANTIDADE_COMPARTIMENTO) VALUES (2, 2, 1, 'C2', 100, 0.8, 20);
INSERT INTO COMPARTIMENTOS (ID_COMPARTIMENTO, ID_PRODUTO, ID_MAQUINA, CODIGO, CAPACIDADE_MAXIMA, PRECO_COMPARTIMENTO, QUANTIDADE_COMPARTIMENTO) VALUES (3, 2, 2, 'C3', 100, 0.8, 20); -- Existente ajustado
INSERT INTO COMPARTIMENTOS (ID_COMPARTIMENTO, ID_PRODUTO, ID_MAQUINA, CODIGO, CAPACIDADE_MAXIMA, PRECO_COMPARTIMENTO, QUANTIDADE_COMPARTIMENTO) VALUES (4, 1, 2, 'C4', 50, 1.5, 5); -- Existente ajustado
INSERT INTO COMPARTIMENTOS (ID_COMPARTIMENTO, ID_PRODUTO, ID_MAQUINA, CODIGO, CAPACIDADE_MAXIMA, PRECO_COMPARTIMENTO, QUANTIDADE_COMPARTIMENTO) VALUES (5, 3, 1, 'C5', 40, 1.7, 15);
INSERT INTO COMPARTIMENTOS (ID_COMPARTIMENTO, ID_PRODUTO, ID_MAQUINA, CODIGO, CAPACIDADE_MAXIMA, PRECO_COMPARTIMENTO, QUANTIDADE_COMPARTIMENTO) VALUES (6, 2, 3, 'C6', 80, 0.8, 30);
INSERT INTO COMPARTIMENTOS (ID_COMPARTIMENTO, ID_PRODUTO, ID_MAQUINA, CODIGO, CAPACIDADE_MAXIMA, PRECO_COMPARTIMENTO, QUANTIDADE_COMPARTIMENTO) VALUES (7, 4, 4, 'C7', 60, 1.2, 25);
INSERT INTO COMPARTIMENTOS (ID_COMPARTIMENTO, ID_PRODUTO, ID_MAQUINA, CODIGO, CAPACIDADE_MAXIMA, PRECO_COMPARTIMENTO, QUANTIDADE_COMPARTIMENTO) VALUES (8, 5, 4, 'C8', 50, 1.0, 10);
INSERT INTO COMPARTIMENTOS (ID_COMPARTIMENTO, ID_PRODUTO, ID_MAQUINA, CODIGO, CAPACIDADE_MAXIMA, PRECO_COMPARTIMENTO, QUANTIDADE_COMPARTIMENTO) VALUES (9, 6, 9, 'C9', 45, 1.6, 20); -- Ajustado ID_MAQUINA para 9 (Porto Universidade)
INSERT INTO COMPARTIMENTOS (ID_COMPARTIMENTO, ID_PRODUTO, ID_MAQUINA, CODIGO, CAPACIDADE_MAXIMA, PRECO_COMPARTIMENTO, QUANTIDADE_COMPARTIMENTO) VALUES (10, 7, 10, 'C10', 60, 1.1, 30); -- Ajustado ID_MAQUINA para 10 (Lisboa Estação)
INSERT INTO COMPARTIMENTOS (ID_COMPARTIMENTO, ID_PRODUTO, ID_MAQUINA, CODIGO, CAPACIDADE_MAXIMA, PRECO_COMPARTIMENTO, QUANTIDADE_COMPARTIMENTO) VALUES (11, 8, 11, 'C11', 30, 2.0, 5); -- Novo para Porto Universidade

INSERT INTO STOCK (ID_PRODUTO, ID_ARMAZEM, QUANTIDADE_EM_STOCK) VALUES (1, 1, 0);
INSERT INTO STOCK (ID_PRODUTO, ID_ARMAZEM, QUANTIDADE_EM_STOCK) VALUES (2, 2, 100);
INSERT INTO STOCK (ID_PRODUTO, ID_ARMAZEM, QUANTIDADE_EM_STOCK) VALUES (3, 1, 50);
INSERT INTO STOCK (ID_PRODUTO, ID_ARMAZEM, QUANTIDADE_EM_STOCK) VALUES (4, 3, 200);
INSERT INTO STOCK (ID_PRODUTO, ID_ARMAZEM, QUANTIDADE_EM_STOCK) VALUES (5, 4, 150);
INSERT INTO STOCK (ID_PRODUTO, ID_ARMAZEM, QUANTIDADE_EM_STOCK) VALUES (6, 5, 80);
INSERT INTO STOCK (ID_PRODUTO, ID_ARMAZEM, QUANTIDADE_EM_STOCK) VALUES (7, 2, 120);
INSERT INTO STOCK (ID_PRODUTO, ID_ARMAZEM, QUANTIDADE_EM_STOCK) VALUES (8, 1, 0);
INSERT INTO STOCK (ID_PRODUTO, ID_ARMAZEM, QUANTIDADE_EM_STOCK) VALUES (9, 3, 90);
INSERT INTO STOCK (ID_PRODUTO, ID_ARMAZEM, QUANTIDADE_EM_STOCK) VALUES (10, 4, 60);

INSERT INTO DISTANCA_ARMAZEM_MAQUINA (ID_MAQUINA, ID_ARMAZEM, DIST_MAQ_ARM_KM) VALUES (1, 1, 10);
INSERT INTO DISTANCA_ARMAZEM_MAQUINA (ID_MAQUINA, ID_ARMAZEM, DIST_MAQ_ARM_KM) VALUES (2, 1, 15);
INSERT INTO DISTANCA_ARMAZEM_MAQUINA (ID_MAQUINA, ID_ARMAZEM, DIST_MAQ_ARM_KM) VALUES (3, 1, 12);
INSERT INTO DISTANCA_ARMAZEM_MAQUINA (ID_MAQUINA, ID_ARMAZEM, DIST_MAQ_ARM_KM) VALUES (4, 2, 5); -- Ajustado para Coimbra Centro
INSERT INTO DISTANCA_ARMAZEM_MAQUINA (ID_MAQUINA, ID_ARMAZEM, DIST_MAQ_ARM_KM) VALUES (5, 4, 8);
INSERT INTO DISTANCA_ARMAZEM_MAQUINA (ID_MAQUINA, ID_ARMAZEM, DIST_MAQ_ARM_KM) VALUES (6, 3, 5); -- Ajustado para Lisboa
INSERT INTO DISTANCA_ARMAZEM_MAQUINA (ID_MAQUINA, ID_ARMAZEM, DIST_MAQ_ARM_KM) VALUES (7, 2, 3);
INSERT INTO DISTANCA_ARMAZEM_MAQUINA (ID_MAQUINA, ID_ARMAZEM, DIST_MAQ_ARM_KM) VALUES (8, 5, 6);
INSERT INTO DISTANCA_ARMAZEM_MAQUINA (ID_MAQUINA, ID_ARMAZEM, DIST_MAQ_ARM_KM) VALUES (9, 3, 4);
INSERT INTO DISTANCA_ARMAZEM_MAQUINA (ID_MAQUINA, ID_ARMAZEM, DIST_MAQ_ARM_KM) VALUES (10, 4, 10);
INSERT INTO DISTANCA_ARMAZEM_MAQUINA (ID_MAQUINA, ID_ARMAZEM, DIST_MAQ_ARM_KM) VALUES (11, 5, 5);
INSERT INTO DISTANCA_ARMAZEM_MAQUINA (ID_MAQUINA, ID_ARMAZEM, DIST_MAQ_ARM_KM) VALUES (12, 5, 5); -- Novo para Faro Aeroporto

INSERT INTO FUNCIONARIOS (ID_FUNCIONARIO, ID_ARMAZEM, NIF, NOME_FUNCIONARIO) VALUES (1, 1, '123456789', 'João Silva');
INSERT INTO FUNCIONARIOS (ID_FUNCIONARIO, ID_ARMAZEM, NIF, NOME_FUNCIONARIO) VALUES (2, 2, '987654321', 'Maria Lopes');
INSERT INTO FUNCIONARIOS (ID_FUNCIONARIO, ID_ARMAZEM, NIF, NOME_FUNCIONARIO) VALUES (3, 3, '456789123', 'Pedro Santos');
INSERT INTO FUNCIONARIOS (ID_FUNCIONARIO, ID_ARMAZEM, NIF, NOME_FUNCIONARIO) VALUES (4, 4, '321654987', 'Ana Costa');
INSERT INTO FUNCIONARIOS (ID_FUNCIONARIO, ID_ARMAZEM, NIF, NOME_FUNCIONARIO) VALUES (5, 5, '789123456', 'Carlos Mendes');

INSERT INTO VEICULOS (ID_VEICULO, ID_ARMAZEM, MATRICULA, MARCA, AUTONOMIA_KM, MODELO, CAPACIDADE_CARGA_VEICULO) VALUES (1, 1, 'AA-12-BB', 'Ford', 500, 'Transit', 1000);
INSERT INTO VEICULOS (ID_VEICULO, ID_ARMAZEM, MATRICULA, MARCA, AUTONOMIA_KM, MODELO, CAPACIDADE_CARGA_VEICULO) VALUES (2, 1, 'BB-22-CC', 'Ford', 500, 'Transit', 1000); -- Existente ajustado
INSERT INTO VEICULOS (ID_VEICULO, ID_ARMAZEM, MATRICULA, MARCA, AUTONOMIA_KM, MODELO, CAPACIDADE_CARGA_VEICULO) VALUES (3, 2, 'BB-34-CC', 'Mercedes', 600, 'Sprinter', 1200);
INSERT INTO VEICULOS (ID_VEICULO, ID_ARMAZEM, MATRICULA, MARCA, AUTONOMIA_KM, MODELO, CAPACIDADE_CARGA_VEICULO) VALUES (4, 3, 'CC-56-DD', 'Volkswagen', 450, 'Transporter', 900);
INSERT INTO VEICULOS (ID_VEICULO, ID_ARMAZEM, MATRICULA, MARCA, AUTONOMIA_KM, MODELO, CAPACIDADE_CARGA_VEICULO) VALUES (5, 4, 'DD-78-EE', 'Fiat', 400, 'Ducato', 1100);
INSERT INTO VEICULOS (ID_VEICULO, ID_ARMAZEM, MATRICULA, MARCA, AUTONOMIA_KM, MODELO, CAPACIDADE_CARGA_VEICULO) VALUES (6, 5, 'EE-90-FF', 'Renault', 550, 'Master', 1300);

INSERT INTO ROTAS (ID_ROTA, ID_ARMAZEM, NOME_ROTA, ROTAKM) VALUES (1, 1, 'Rota Taveiro-Coimbra', 20);
INSERT INTO ROTAS (ID_ROTA, ID_ARMAZEM, NOME_ROTA, ROTAKM) VALUES (2, 2, 'Rota Coimbra Centro', 15);
INSERT INTO ROTAS (ID_ROTA, ID_ARMAZEM, NOME_ROTA, ROTAKM) VALUES (3, 3, 'Rota Lisboa', 30);
INSERT INTO ROTAS (ID_ROTA, ID_ARMAZEM, NOME_ROTA, ROTAKM) VALUES (4, 4, 'Rota Porto', 25);
INSERT INTO ROTAS (ID_ROTA, ID_ARMAZEM, NOME_ROTA, ROTAKM) VALUES (5, 5, 'Rota Faro', 18);

INSERT INTO VIAGENS (ID_VIAGEM, ID_ROTA, ID_VEICULO, ID_FUNCIONARIO, DATA_INICIO_VIAGEM, DISTANCIA_PERCORRIDA, DATA_FIM_VIAGEM) VALUES (2023010501, 1, 1, 1, TO_DATE('2023-01-05 08:00', 'YYYY-MM-DD HH24:MI'), 20, TO_DATE('2023-01-05 12:00', 'YYYY-MM-DD HH24:MI'));
INSERT INTO VIAGENS (ID_VIAGEM, ID_ROTA, ID_VEICULO, ID_FUNCIONARIO, DATA_INICIO_VIAGEM, DISTANCIA_PERCORRIDA, DATA_FIM_VIAGEM) VALUES (2023061501, 2, 2, 2, TO_DATE('2023-06-15 09:00', 'YYYY-MM-DD HH24:MI'), 15, TO_DATE('2023-06-15 11:00', 'YYYY-MM-DD HH24:MI'));
INSERT INTO VIAGENS (ID_VIAGEM, ID_ROTA, ID_VEICULO, ID_FUNCIONARIO, DATA_INICIO_VIAGEM, DISTANCIA_PERCORRIDA, DATA_FIM_VIAGEM) VALUES (2023110701, 1, 1, 1, TO_DATE('2023-11-07 08:00', 'YYYY-MM-DD HH24:MI'), 80, TO_DATE('2023-11-08 08:00', 'YYYY-MM-DD HH24:MI'));
INSERT INTO VIAGENS (ID_VIAGEM, ID_ROTA, ID_VEICULO, ID_FUNCIONARIO, DATA_INICIO_VIAGEM, DISTANCIA_PERCORRIDA, DATA_FIM_VIAGEM) VALUES (2024021001, 3, 3, 3, TO_DATE('2024-02-10 07:00', 'YYYY-MM-DD HH24:MI'), 30, TO_DATE('2024-02-10 11:00', 'YYYY-MM-DD HH24:MI'));
INSERT INTO VIAGENS (ID_VIAGEM, ID_ROTA, ID_VEICULO, ID_FUNCIONARIO, DATA_INICIO_VIAGEM, DISTANCIA_PERCORRIDA, DATA_FIM_VIAGEM) VALUES (2024061501, 1, 1, 1, TO_DATE('2024-06-15 08:00', 'YYYY-MM-DD HH24:MI'), 100, TO_DATE('2024-06-15 16:00', 'YYYY-MM-DD HH24:MI')); -- Existente ajustado
INSERT INTO VIAGENS (ID_VIAGEM, ID_ROTA, ID_VEICULO, ID_FUNCIONARIO, DATA_INICIO_VIAGEM, DISTANCIA_PERCORRIDA, DATA_FIM_VIAGEM) VALUES (2024062001, 4, 4, 4, TO_DATE('2024-06-20 10:00', 'YYYY-MM-DD HH24:MI'), 25, TO_DATE('2024-06-20 13:00', 'YYYY-MM-DD HH24:MI'));
INSERT INTO VIAGENS (ID_VIAGEM, ID_ROTA, ID_VEICULO, ID_FUNCIONARIO, DATA_INICIO_VIAGEM, DISTANCIA_PERCORRIDA, DATA_FIM_VIAGEM) VALUES (2024111501, 5, 5, 5, TO_DATE('2024-11-15 08:00', 'YYYY-MM-DD HH24:MI'), 18, TO_DATE('2024-11-15 10:00', 'YYYY-MM-DD HH24:MI'));
INSERT INTO VIAGENS (ID_VIAGEM, ID_ROTA, ID_VEICULO, ID_FUNCIONARIO, DATA_INICIO_VIAGEM, DISTANCIA_PERCORRIDA, DATA_FIM_VIAGEM) VALUES (2025021001, 2, 2, 2, TO_DATE('2025-02-10 08:00', 'YYYY-MM-DD HH24:MI'), 30, TO_DATE('2025-02-10 12:00', 'YYYY-MM-DD HH24:MI')); -- Existente ajustado
INSERT INTO VIAGENS (ID_VIAGEM, ID_ROTA, ID_VEICULO, ID_FUNCIONARIO, DATA_INICIO_VIAGEM, DISTANCIA_PERCORRIDA, DATA_FIM_VIAGEM) VALUES (2025031105, 1, 1, 1, TO_DATE('2025-03-11 08:00', 'YYYY-MM-DD HH24:MI'), 20, TO_DATE('2025-03-11 12:00', 'YYYY-MM-DD HH24:MI'));
INSERT INTO VIAGENS (ID_VIAGEM, ID_ROTA, ID_VEICULO, ID_FUNCIONARIO, DATA_INICIO_VIAGEM, DISTANCIA_PERCORRIDA, DATA_FIM_VIAGEM) VALUES (2025031501, 1, 2, 3, TO_DATE('2025-03-15 07:00', 'YYYY-MM-DD HH24:MI'), 60, TO_DATE('2025-03-15 11:00', 'YYYY-MM-DD HH24:MI')); -- Existente ajustado
INSERT INTO VIAGENS (ID_VIAGEM, ID_ROTA, ID_VEICULO, ID_FUNCIONARIO, DATA_INICIO_VIAGEM, DISTANCIA_PERCORRIDA, DATA_FIM_VIAGEM) VALUES (2025040501, 1, 1, 1, TO_DATE('2025-04-05 09:00', 'YYYY-MM-DD HH24:MI'), 60, TO_DATE('2025-04-05 15:00', 'YYYY-MM-DD HH24:MI'));
INSERT INTO VIAGENS (ID_VIAGEM, ID_ROTA, ID_VEICULO, ID_FUNCIONARIO, DATA_INICIO_VIAGEM, DISTANCIA_PERCORRIDA, DATA_FIM_VIAGEM) VALUES (2025040502, 2, 2, 2, TO_DATE('2025-04-05 10:00', 'YYYY-MM-DD HH24:MI'), 15, TO_DATE('2025-04-05 12:00', 'YYYY-MM-DD HH24:MI'));

INSERT INTO VISITAS (ID_VISITA, ID_VIAGEM, ID_MAQUINA, DATA_HORA_CHEGADA, DATA_HORA_SAIDA) VALUES (1, 2023010501, 1, TO_DATE('2023-01-05 09:00', 'YYYY-MM-DD HH24:MI'), TO_DATE('2023-01-05 09:30', 'YYYY-MM-DD HH24:MI'));
INSERT INTO VISITAS (ID_VISITA, ID_VIAGEM, ID_MAQUINA, DATA_HORA_CHEGADA, DATA_HORA_SAIDA) VALUES (2, 2023061501, 2, TO_DATE('2023-06-15 09:30', 'YYYY-MM-DD HH24:MI'), TO_DATE('2023-06-15 10:00', 'YYYY-MM-DD HH24:MI'));
INSERT INTO VISITAS (ID_VISITA, ID_VIAGEM, ID_MAQUINA, DATA_HORA_CHEGADA, DATA_HORA_SAIDA) VALUES (3, 2023110701, 1, TO_DATE('2023-11-07 08:30', 'YYYY-MM-DD HH24:MI'), TO_DATE('2023-11-07 09:00', 'YYYY-MM-DD HH24:MI'));
INSERT INTO VISITAS (ID_VISITA, ID_VIAGEM, ID_MAQUINA, DATA_HORA_CHEGADA, DATA_HORA_SAIDA) VALUES (4, 2023110701, 2, TO_DATE('2023-11-07 09:30', 'YYYY-MM-DD HH24:MI'), TO_DATE('2023-11-07 10:00', 'YYYY-MM-DD HH24:MI')); -- Existente ajustado
INSERT INTO VISITAS (ID_VISITA, ID_VIAGEM, ID_MAQUINA, DATA_HORA_CHEGADA, DATA_HORA_SAIDA) VALUES (5, 2024021001, 4, TO_DATE('2024-02-10 08:00', 'YYYY-MM-DD HH24:MI'), TO_DATE('2024-02-10 08:30', 'YYYY-MM-DD HH24:MI'));
INSERT INTO VISITAS (ID_VISITA, ID_VIAGEM, ID_MAQUINA, DATA_HORA_CHEGADA, DATA_HORA_SAIDA) VALUES (6, 2024061501, 1, TO_DATE('2024-06-15 09:00', 'YYYY-MM-DD HH24:MI'), TO_DATE('2024-06-15 09:30', 'YYYY-MM-DD HH24:MI')); -- Existente ajustado
INSERT INTO VISITAS (ID_VISITA, ID_VIAGEM, ID_MAQUINA, DATA_HORA_CHEGADA, DATA_HORA_SAIDA) VALUES (7, 2024061501, 2, TO_DATE('2024-06-15 10:00', 'YYYY-MM-DD HH24:MI'), TO_DATE('2024-06-15 10:30', 'YYYY-MM-DD HH24:MI')); -- Existente ajustado
INSERT INTO VISITAS (ID_VISITA, ID_VIAGEM, ID_MAQUINA, DATA_HORA_CHEGADA, DATA_HORA_SAIDA) VALUES (8, 2024061501, 3, TO_DATE('2024-06-15 11:00', 'YYYY-MM-DD HH24:MI'), TO_DATE('2024-06-15 11:30', 'YYYY-MM-DD HH24:MI')); -- Existente ajustado
INSERT INTO VISITAS (ID_VISITA, ID_VIAGEM, ID_MAQUINA, DATA_HORA_CHEGADA, DATA_HORA_SAIDA) VALUES (9, 2024061501, 1, TO_DATE('2024-06-15 12:00', 'YYYY-MM-DD HH24:MI'), TO_DATE('2024-06-15 12:30', 'YYYY-MM-DD HH24:MI')); -- Existente ajustado
INSERT INTO VISITAS (ID_VISITA, ID_VIAGEM, ID_MAQUINA, DATA_HORA_CHEGADA, DATA_HORA_SAIDA) VALUES (10, 2024062001, 5, TO_DATE('2024-06-20 11:00', 'YYYY-MM-DD HH24:MI'), TO_DATE('2024-06-20 11:30', 'YYYY-MM-DD HH24:MI'));
INSERT INTO VISITAS (ID_VISITA, ID_VIAGEM, ID_MAQUINA, DATA_HORA_CHEGADA, DATA_HORA_SAIDA) VALUES (11, 2024111501, 6, TO_DATE('2024-11-15 08:30', 'YYYY-MM-DD HH24:MI'), TO_DATE('2024-11-15 09:00', 'YYYY-MM-DD HH24:MI'));
INSERT INTO VISITAS (ID_VISITA, ID_VIAGEM, ID_MAQUINA, DATA_HORA_CHEGADA, DATA_HORA_SAIDA) VALUES (12, 2025021001, 1, TO_DATE('2025-02-10 09:00', 'YYYY-MM-DD HH24:MI'), TO_DATE('2025-02-10 09:30', 'YYYY-MM-DD HH24:MI')); -- Existente ajustado
INSERT INTO VISITAS (ID_VISITA, ID_VIAGEM, ID_MAQUINA, DATA_HORA_CHEGADA, DATA_HORA_SAIDA) VALUES (13, 2025021001, 2, TO_DATE('2025-02-10 10:00', 'YYYY-MM-DD HH24:MI'), TO_DATE('2025-02-10 10:30', 'YYYY-MM-DD HH24:MI')); -- Existente ajustado
INSERT INTO VISITAS (ID_VISITA, ID_VIAGEM, ID_MAQUINA, DATA_HORA_CHEGADA, DATA_HORA_SAIDA) VALUES (14, 2025031105, 1, TO_DATE('2025-03-11 09:00', 'YYYY-MM-DD HH24:MI'), TO_DATE('2025-03-11 09:30', 'YYYY-MM-DD HH24:MI'));
INSERT INTO VISITAS (ID_VISITA, ID_VIAGEM, ID_MAQUINA, DATA_HORA_CHEGADA, DATA_HORA_SAIDA) VALUES (15, 2025031501, 1, TO_DATE('2025-03-15 08:00', 'YYYY-MM-DD HH24:MI'), TO_DATE('2025-03-15 08:30', 'YYYY-MM-DD HH24:MI')); -- Existente ajustado
INSERT INTO VISITAS (ID_VISITA, ID_VIAGEM, ID_MAQUINA, DATA_HORA_CHEGADA, DATA_HORA_SAIDA) VALUES (16, 2025031501, 2, TO_DATE('2025-03-15 09:00', 'YYYY-MM-DD HH24:MI'), TO_DATE('2025-03-15 09:30', 'YYYY-MM-DD HH24:MI')); -- Existente ajustado
INSERT INTO VISITAS (ID_VISITA, ID_VIAGEM, ID_MAQUINA, DATA_HORA_CHEGADA, DATA_HORA_SAIDA) VALUES (17, 2025031501, 3, TO_DATE('2025-03-15 10:00', 'YYYY-MM-DD HH24:MI'), TO_DATE('2025-03-15 10:30', 'YYYY-MM-DD HH24:MI')); -- Existente ajustado
INSERT INTO VISITAS (ID_VISITA, ID_VIAGEM, ID_MAQUINA, DATA_HORA_CHEGADA, DATA_HORA_SAIDA) VALUES (18, 2025040501, 1, TO_DATE('2025-04-05 10:00', 'YYYY-MM-DD HH24:MI'), TO_DATE('2025-04-05 10:30', 'YYYY-MM-DD HH24:MI'));
INSERT INTO VISITAS (ID_VISITA, ID_VIAGEM, ID_MAQUINA, DATA_HORA_CHEGADA, DATA_HORA_SAIDA) VALUES (19, 2025040501, 2, TO_DATE('2025-04-05 11:00', 'YYYY-MM-DD HH24:MI'), TO_DATE('2025-04-05 11:30', 'YYYY-MM-DD HH24:MI'));
INSERT INTO VISITAS (ID_VISITA, ID_VIAGEM, ID_MAQUINA, DATA_HORA_CHEGADA, DATA_HORA_SAIDA) VALUES (20, 2025040502, 3, TO_DATE('2025-04-05 10:30', 'YYYY-MM-DD HH24:MI'), TO_DATE('2025-04-05 11:00', 'YYYY-MM-DD HH24:MI'));

INSERT INTO REABASTECIMENTOS (ID_REABASTECIMENTO, ID_VISITA, ID_COMPARTIMENTO, ID_PRODUTO, DATA_HORA_REABASTECIMENTO, QUANTIDADE_REABASTECIMENTO) VALUES (1, 1, 1, 1, TO_DATE('2023-01-05 09:15', 'YYYY-MM-DD HH24:MI'), 20);
INSERT INTO REABASTECIMENTOS (ID_REABASTECIMENTO, ID_VISITA, ID_COMPARTIMENTO, ID_PRODUTO, DATA_HORA_REABASTECIMENTO, QUANTIDADE_REABASTECIMENTO) VALUES (2, 2, 3, 1, TO_DATE('2023-06-15 09:45', 'YYYY-MM-DD HH24:MI'), 25);
INSERT INTO REABASTECIMENTOS (ID_REABASTECIMENTO, ID_VISITA, ID_COMPARTIMENTO, ID_PRODUTO, DATA_HORA_REABASTECIMENTO, QUANTIDADE_REABASTECIMENTO) VALUES (3, 3, 2, 2, TO_DATE('2023-11-07 08:45', 'YYYY-MM-DD HH24:MI'), 30);
INSERT INTO REABASTECIMENTOS (ID_REABASTECIMENTO, ID_VISITA, ID_COMPARTIMENTO, ID_PRODUTO, DATA_HORA_REABASTECIMENTO, QUANTIDADE_REABASTECIMENTO) VALUES (4, 4, 4, 1, TO_DATE('2023-11-07 09:45', 'YYYY-MM-DD HH24:MI'), 20); -- Existente ajustado
INSERT INTO REABASTECIMENTOS (ID_REABASTECIMENTO, ID_VISITA, ID_COMPARTIMENTO, ID_PRODUTO, DATA_HORA_REABASTECIMENTO, QUANTIDADE_REABASTECIMENTO) VALUES (5, 5, 6, 4, TO_DATE('2024-02-10 08:15', 'YYYY-MM-DD HH24:MI'), 40);
INSERT INTO REABASTECIMENTOS (ID_REABASTECIMENTO, ID_VISITA, ID_COMPARTIMENTO, ID_PRODUTO, DATA_HORA_REABASTECIMENTO, QUANTIDADE_REABASTECIMENTO) VALUES (6, 6, 1, 1, TO_DATE('2024-06-15 09:15', 'YYYY-MM-DD HH24:MI'), 20); -- Existente ajustado
INSERT INTO REABASTECIMENTOS (ID_REABASTECIMENTO, ID_VISITA, ID_COMPARTIMENTO, ID_PRODUTO, DATA_HORA_REABASTECIMENTO, QUANTIDADE_REABASTECIMENTO) VALUES (7, 8, 4, 1, TO_DATE('2024-06-15 11:15', 'YYYY-MM-DD HH24:MI'), 30); -- Existente ajustado
INSERT INTO REABASTECIMENTOS (ID_REABASTECIMENTO, ID_VISITA, ID_COMPARTIMENTO, ID_PRODUTO, DATA_HORA_REABASTECIMENTO, QUANTIDADE_REABASTECIMENTO) VALUES (8, 9, 2, 2, TO_DATE('2024-06-15 12:15', 'YYYY-MM-DD HH24:MI'), 25); -- Existente ajustado
INSERT INTO REABASTECIMENTOS (ID_REABASTECIMENTO, ID_VISITA, ID_COMPARTIMENTO, ID_PRODUTO, DATA_HORA_REABASTECIMENTO, QUANTIDADE_REABASTECIMENTO) VALUES (9, 11, 8, 2, TO_DATE('2024-11-15 08:45', 'YYYY-MM-DD HH24:MI'), 50);
INSERT INTO REABASTECIMENTOS (ID_REABASTECIMENTO, ID_VISITA, ID_COMPARTIMENTO, ID_PRODUTO, DATA_HORA_REABASTECIMENTO, QUANTIDADE_REABASTECIMENTO) VALUES (10, 12, 2, 2, TO_DATE('2025-02-10 09:15', 'YYYY-MM-DD HH24:MI'), 30); -- Existente ajustado
INSERT INTO REABASTECIMENTOS (ID_REABASTECIMENTO, ID_VISITA, ID_COMPARTIMENTO, ID_PRODUTO, DATA_HORA_REABASTECIMENTO, QUANTIDADE_REABASTECIMENTO) VALUES (11, 13, 3, 2, TO_DATE('2025-02-10 10:15', 'YYYY-MM-DD HH24:MI'), 40); -- Existente ajustado
INSERT INTO REABASTECIMENTOS (ID_REABASTECIMENTO, ID_VISITA, ID_COMPARTIMENTO, ID_PRODUTO, DATA_HORA_REABASTECIMENTO, QUANTIDADE_REABASTECIMENTO) VALUES (12, 14, 1, 1, TO_DATE('2025-03-11 09:15', 'YYYY-MM-DD HH24:MI'), 15);
INSERT INTO REABASTECIMENTOS (ID_REABASTECIMENTO, ID_VISITA, ID_COMPARTIMENTO, ID_PRODUTO, DATA_HORA_REABASTECIMENTO, QUANTIDADE_REABASTECIMENTO) VALUES (13, 15, 2, 2, TO_DATE('2025-03-15 08:15', 'YYYY-MM-DD HH24:MI'), 20); -- Existente ajustado
INSERT INTO REABASTECIMENTOS (ID_REABASTECIMENTO, ID_VISITA, ID_COMPARTIMENTO, ID_PRODUTO, DATA_HORA_REABASTECIMENTO, QUANTIDADE_REABASTECIMENTO) VALUES (14, 16, 3, 2, TO_DATE('2025-03-15 09:15', 'YYYY-MM-DD HH24:MI'), 30); -- Existente ajustado
INSERT INTO REABASTECIMENTOS (ID_REABASTECIMENTO, ID_VISITA, ID_COMPARTIMENTO, ID_PRODUTO, DATA_HORA_REABASTECIMENTO, QUANTIDADE_REABASTECIMENTO) VALUES (15, 17, 2, 2, TO_DATE('2025-03-15 10:15', 'YYYY-MM-DD HH24:MI'), 25); -- Existente ajustado
INSERT INTO REABASTECIMENTOS (ID_REABASTECIMENTO, ID_VISITA, ID_COMPARTIMENTO, ID_PRODUTO, DATA_HORA_REABASTECIMENTO, QUANTIDADE_REABASTECIMENTO) VALUES (16, 18, 1, 1, TO_DATE('2025-04-05 10:15', 'YYYY-MM-DD HH24:MI'), 20);
INSERT INTO REABASTECIMENTOS (ID_REABASTECIMENTO, ID_VISITA, ID_COMPARTIMENTO, ID_PRODUTO, DATA_HORA_REABASTECIMENTO, QUANTIDADE_REABASTECIMENTO) VALUES (17, 19, 4, 1, TO_DATE('2025-04-05 11:15', 'YYYY-MM-DD HH24:MI'), 25);
INSERT INTO REABASTECIMENTOS (ID_REABASTECIMENTO, ID_VISITA, ID_COMPARTIMENTO, ID_PRODUTO, DATA_HORA_REABASTECIMENTO, QUANTIDADE_REABASTECIMENTO) VALUES (18, 20, 6, 2, TO_DATE('2025-04-05 10:45', 'YYYY-MM-DD HH24:MI'), 30);

INSERT INTO VENDAS (ID_VENDA, ID_COMPARTIMENTO, ID_PRODUTO, DATA_HORA_VENDA, METODO_PAGAMENTO, VALOR_PAGO) VALUES (1, 1, 1, TO_DATE('2023-01-10 14:00', 'YYYY-MM-DD HH24:MI'), 'Cartão', 1.5);
INSERT INTO VENDAS (ID_VENDA, ID_COMPARTIMENTO, ID_PRODUTO, DATA_HORA_VENDA, METODO_PAGAMENTO, VALOR_PAGO) VALUES (2, 2, 2, TO_DATE('2023-06-20 12:00', 'YYYY-MM-DD HH24:MI'), 'Dinheiro', 0.8);
INSERT INTO VENDAS (ID_VENDA, ID_COMPARTIMENTO, ID_PRODUTO, DATA_HORA_VENDA, METODO_PAGAMENTO, VALOR_PAGO) VALUES (3, 4, 1, TO_DATE('2023-11-10 15:00', 'YYYY-MM-DD HH24:MI'), 'Cartão', 1.5); -- Existente ajustado
INSERT INTO VENDAS (ID_VENDA, ID_COMPARTIMENTO, ID_PRODUTO, DATA_HORA_VENDA, METODO_PAGAMENTO, VALOR_PAGO) VALUES (4, 6, 4, TO_DATE('2024-02-15 10:00', 'YYYY-MM-DD HH24:MI'), 'Dinheiro', 1.2); -- Existente ajustado
INSERT INTO VENDAS (ID_VENDA, ID_COMPARTIMENTO, ID_PRODUTO, DATA_HORA_VENDA, METODO_PAGAMENTO, VALOR_PAGO) VALUES (5, 8, 2, TO_DATE('2024-11-20 16:00', 'YYYY-MM-DD HH24:MI'), 'Cartão', 0.8); -- Existente ajustado
INSERT INTO VENDAS (ID_VENDA, ID_COMPARTIMENTO, ID_PRODUTO, DATA_HORA_VENDA, METODO_PAGAMENTO, VALOR_PAGO) VALUES (6, 1, 1, TO_DATE('2025-03-20 13:00', 'YYYY-MM-DD HH24:MI'), 'Dinheiro', 1.5); -- Existente ajustado
INSERT INTO VENDAS (ID_VENDA, ID_COMPARTIMENTO, ID_PRODUTO, DATA_HORA_VENDA, METODO_PAGAMENTO, VALOR_PAGO) VALUES (7, 1, 1, TO_DATE('2025-04-04 14:00', 'YYYY-MM-DD HH24:MI'), 'Cartão', 1.5);
INSERT INTO VENDAS (ID_VENDA, ID_COMPARTIMENTO, ID_PRODUTO, DATA_HORA_VENDA, METODO_PAGAMENTO, VALOR_PAGO) VALUES (8, 2, 2, TO_DATE('2025-04-05 12:00', 'YYYY-MM-DD HH24:MI'), 'Dinheiro', 0.8);
INSERT INTO VENDAS (ID_VENDA, ID_COMPARTIMENTO, ID_PRODUTO, DATA_HORA_VENDA, METODO_PAGAMENTO, VALOR_PAGO) VALUES (9, 4, 1, TO_DATE('2025-03-25 09:00', 'YYYY-MM-DD HH24:MI'), 'Cartão', 1.5); -- Existente ajustado
INSERT INTO VENDAS (ID_VENDA, ID_COMPARTIMENTO, ID_PRODUTO, DATA_HORA_VENDA, METODO_PAGAMENTO, VALOR_PAGO) VALUES (10, 5, 3, TO_DATE('2025-04-05 15:00', 'YYYY-MM-DD HH24:MI'), 'Dinheiro', 1.7); -- Existente ajustado
INSERT INTO VENDAS (ID_VENDA, ID_COMPARTIMENTO, ID_PRODUTO, DATA_HORA_VENDA, METODO_PAGAMENTO, VALOR_PAGO) VALUES (11, 7, 5, TO_DATE('2024-02-20 11:00', 'YYYY-MM-DD HH24:MI'), 'Cartão', 1.0);
INSERT INTO VENDAS (ID_VENDA, ID_COMPARTIMENTO, ID_PRODUTO, DATA_HORA_VENDA, METODO_PAGAMENTO, VALOR_PAGO) VALUES (12, 9, 6, TO_DATE('2025-03-15 10:00', 'YYYY-MM-DD HH24:MI'), 'Dinheiro', 1.6); -- Existente ajustado
INSERT INTO VENDAS (ID_VENDA, ID_COMPARTIMENTO, ID_PRODUTO, DATA_HORA_VENDA, METODO_PAGAMENTO, VALOR_PAGO) VALUES (13, 2, 2, TO_DATE('2025-02-11 10:00', 'YYYY-MM-DD HH24:MI'), 'Cartão', 0.8); -- Existente ajustado
INSERT INTO VENDAS (ID_VENDA, ID_COMPARTIMENTO, ID_PRODUTO, DATA_HORA_VENDA, METODO_PAGAMENTO, VALOR_PAGO) VALUES (14, 2, 2, TO_DATE('2025-02-11 12:00', 'YYYY-MM-DD HH24:MI'), 'Dinheiro', 0.8); -- Existente ajustado
INSERT INTO VENDAS (ID_VENDA, ID_COMPARTIMENTO, ID_PRODUTO, DATA_HORA_VENDA, METODO_PAGAMENTO, VALOR_PAGO) VALUES (15, 3, 2, TO_DATE('2025-02-12 14:00', 'YYYY-MM-DD HH24:MI'), 'Cartão', 0.8); -- Existente ajustado
INSERT INTO VENDAS (ID_VENDA, ID_COMPARTIMENTO, ID_PRODUTO, DATA_HORA_VENDA, METODO_PAGAMENTO, VALOR_PAGO) VALUES (16, 1, 1, TO_DATE('2025-04-05 15:00', 'YYYY-MM-DD HH24:MI'), 'Cartão', 1.5); -- Existente ajustado
INSERT INTO VENDAS (ID_VENDA, ID_COMPARTIMENTO, ID_PRODUTO, DATA_HORA_VENDA, METODO_PAGAMENTO, VALOR_PAGO) VALUES (17, 1, 1, TO_DATE('2025-04-06 09:00', 'YYYY-MM-DD HH24:MI'), 'Dinheiro', 1.5); -- Existente ajustado
INSERT INTO VENDAS (ID_VENDA, ID_COMPARTIMENTO, ID_PRODUTO, DATA_HORA_VENDA, METODO_PAGAMENTO, VALOR_PAGO) VALUES (18, 1, 1, TO_DATE('2025-04-06 12:00', 'YYYY-MM-DD HH24:MI'), 'Cartão', 1.5); -- Existente ajustado

INSERT INTO RUPTURAS (ID_RUPTURA, ID_COMPARTIMENTO, ID_PRODUTO, DATA_HORA_RUPTURA) VALUES (1, 1, 1, TO_DATE('2023-01-08 15:00', 'YYYY-MM-DD HH24:MI'));
INSERT INTO RUPTURAS (ID_RUPTURA, ID_COMPARTIMENTO, ID_PRODUTO, DATA_HORA_RUPTURA) VALUES (2, 3, 1, TO_DATE('2023-06-18 10:00', 'YYYY-MM-DD HH24:MI'));
INSERT INTO RUPTURAS (ID_RUPTURA, ID_COMPARTIMENTO, ID_PRODUTO, DATA_HORA_RUPTURA) VALUES (3, 2, 2, TO_DATE('2024-11-18 12:00', 'YYYY-MM-DD HH24:MI'));
INSERT INTO RUPTURAS (ID_RUPTURA, ID_COMPARTIMENTO, ID_PRODUTO, DATA_HORA_RUPTURA) VALUES (4, 5, 3, TO_DATE('2025-04-03 17:00', 'YYYY-MM-DD HH24:MI')); -- Existente ajustado
INSERT INTO RUPTURAS (ID_RUPTURA, ID_COMPARTIMENTO, ID_PRODUTO, DATA_HORA_RUPTURA) VALUES (5, 6, 2, TO_DATE('2025-04-04 14:00', 'YYYY-MM-DD HH24:MI')); -- Existente ajustado

INSERT INTO PRODUTO_VIAGEM (ID_VIAGEM, ID_PRODUTO, QUANTIDADE_PV) VALUES (2023010501, 1, 20);
INSERT INTO PRODUTO_VIAGEM (ID_VIAGEM, ID_PRODUTO, QUANTIDADE_PV) VALUES (2023061501, 1, 25);
INSERT INTO PRODUTO_VIAGEM (ID_VIAGEM, ID_PRODUTO, QUANTIDADE_PV) VALUES (2023110701, 2, 30);
INSERT INTO PRODUTO_VIAGEM (ID_VIAGEM, ID_PRODUTO, QUANTIDADE_PV) VALUES (2023110701, 1, 20);
INSERT INTO PRODUTO_VIAGEM (ID_VIAGEM, ID_PRODUTO, QUANTIDADE_PV) VALUES (2024021001, 4, 40);
INSERT INTO PRODUTO_VIAGEM (ID_VIAGEM, ID_PRODUTO, QUANTIDADE_PV) VALUES (2024061501, 1, 50); -- Ajustado para soma de 20+30
INSERT INTO PRODUTO_VIAGEM (ID_VIAGEM, ID_PRODUTO, QUANTIDADE_PV) VALUES (2024061501, 2, 25);
INSERT INTO PRODUTO_VIAGEM (ID_VIAGEM, ID_PRODUTO, QUANTIDADE_PV) VALUES (2024062001, 3, 30);
INSERT INTO PRODUTO_VIAGEM (ID_VIAGEM, ID_PRODUTO, QUANTIDADE_PV) VALUES (2024111501, 2, 50);
INSERT INTO PRODUTO_VIAGEM (ID_VIAGEM, ID_PRODUTO, QUANTIDADE_PV) VALUES (2025021001, 2, 70); -- Ajustado para soma de 30+40
INSERT INTO PRODUTO_VIAGEM (ID_VIAGEM, ID_PRODUTO, QUANTIDADE_PV) VALUES (2025031105, 1, 15);
INSERT INTO PRODUTO_VIAGEM (ID_VIAGEM, ID_PRODUTO, QUANTIDADE_PV) VALUES (2025031501, 2, 75); -- Ajustado para soma de 20+30+25
INSERT INTO PRODUTO_VIAGEM (ID_VIAGEM, ID_PRODUTO, QUANTIDADE_PV) VALUES (2025031501, 4, 35);
INSERT INTO PRODUTO_VIAGEM (ID_VIAGEM, ID_PRODUTO, QUANTIDADE_PV) VALUES (2025031501, 6, 20);
INSERT INTO PRODUTO_VIAGEM (ID_VIAGEM, ID_PRODUTO, QUANTIDADE_PV) VALUES (2025040501, 1, 45); -- Ajustado para soma de 20+25
INSERT INTO PRODUTO_VIAGEM (ID_VIAGEM, ID_PRODUTO, QUANTIDADE_PV) VALUES (2025040501, 2, 30);
INSERT INTO PRODUTO_VIAGEM (ID_VIAGEM, ID_PRODUTO, QUANTIDADE_PV) VALUES (2025040502, 5, 40);

